technique,id,name,tactics,data_sources,data_sources_num
T1001,T1001,Data Obfuscation (T1001),command-and-control,Network Traffic: Network Connection Creation|Network Traffic: Network Traffic Content|Process: Process Creation,3
T1001,T1001.001,Junk Data (T1001.001),command-and-control,Network Traffic: Network Connection Creation|Network Traffic: Network Traffic Content|Process: Process Access|Process: Process Creation,4
T1001,T1001.002,Steganography (T1001.002),command-and-control,File: File Creation|File: File Metadata|Network Traffic: Network Connection Creation|Network Traffic: Network Traffic Content|Process: Process Creation,5
T1001,T1001.003,Protocol or Service Impersonation (T1001.003),command-and-control,Network Traffic: Network Connection Creation|Network Traffic: Network Traffic Content|Process: Process Creation|Process: Process Metadata,4
T1003,T1003,OS Credential Dumping (T1003),credential-access,Active Directory: Active Directory Object Access|File: File Access|Process: Process Access|Process: Process Creation|Process: Process Metadata,5
T1003,T1003.001,LSASS Memory (T1003.001),credential-access,File: File Creation|Process: Process Access|Process: Process Creation|User Account: User Account Metadata|Windows Registry: Windows Registry Key Modification,5
T1003,T1003.002,Security Account Manager (T1003.002),credential-access,File: File Creation|File: File Modification|Process: Process Creation|Windows Registry: Windows Registry Key Modification,4
T1003,T1003.003,NTDS (T1003.003),credential-access,File: File Creation|File: File Modification|Process: Process Creation|Volume: Volume Creation,4
T1003,T1003.004,LSA Secrets (T1003.004),credential-access,File: File Modification|Module: Module Load|Process: Process Access|Process: Process Creation,4
T1003,T1003.005,Cached Domain Credentials (T1003.005),credential-access,File: File Access|Process: Process Access|Process: Process Creation,3
T1003,T1003.006,DCSync (T1003.006),credential-access,Active Directory: Active Directory Object Access|Active Directory: Active Directory Object Deletion|Network Traffic: Network Traffic Content,3
T1003,T1003.007,Proc Filesystem (T1003.007),credential-access,File: File Access|File: File Modification|Process: Process Access|Process: Process Creation,4
T1003,T1003.008,/etc/passwd and /etc/shadow (T1003.008),credential-access,File: File Access|Process: Process Creation,2
T1005,T1005,Data from Local System (T1005),collection,Command: Command Execution|File: File Access|File: File Creation|Process: Process Creation,4
T1006,T1006,Direct Volume Access (T1006),stealth,Command: Command Execution|Process: Process Access|Process: Process Creation,3
T1007,T1007,System Service Discovery (T1007),discovery,Command: Command Execution|Process: Process Creation,2
T1008,T1008,Fallback Channels (T1008),command-and-control,Network Traffic: Network Connection Creation|Network Traffic: Network Traffic Flow,2
T1010,T1010,Application Window Discovery (T1010),discovery,Command: Command Execution|Process: OS API Execution|Process: Process Access|Process: Process Creation,4
T1011,T1011,Exfiltration Over Other Network Medium (T1011),exfiltration,Command: Command Execution|File: File Creation|Network Traffic: Network Connection Creation|Network Traffic: Network Traffic Content|Network Traffic: Network Traffic Flow|Process: Process Creation|Sensor Health: Host Status,7
T1011,T1011.001,Exfiltration Over Bluetooth (T1011.001),exfiltration,Command: Command Execution|File: File Access|File: File Creation|Network Traffic: Network Connection Creation|Process: Process Creation,5
T1012,T1012,Query Registry (T1012),discovery,Command: Command Execution|Process: Process Creation|Windows Registry: Windows Registry Key Modification,3
T1014,T1014,Rootkit (T1014),stealth,Driver: Driver Load|File: File Creation|File: File Modification|Module: Module Load|Process: Process Creation|Service: Service Creation,6
T1016,T1016,System Network Configuration Discovery (T1016),discovery,Command: Command Execution|Process: Process Creation,2
T1016,T1016.001,Internet Connection Discovery (T1016.001),discovery,Command: Command Execution|Network Traffic: Network Connection Creation|Process: Process Creation|Script: Script Execution,4
T1016,T1016.002,Wi-Fi Discovery (T1016.002),discovery,Command: Command Execution|File: File Access|Process: Process Creation,3
T1018,T1018,Remote System Discovery (T1018),discovery,Command: Command Execution|File: File Access|Network Traffic: Network Connection Creation|Process: Process Creation,4
T1020,T1020,Automated Exfiltration (T1020),exfiltration,Network Traffic: Network Connection Creation|Process: Process Creation|Scheduled Job: Scheduled Job Creation,3
T1020,T1020.001,Traffic Duplication (T1020.001),exfiltration,Network Traffic: Network Connection Creation|Network Traffic: Network Traffic Flow,2
T1021,T1021,Remote Services (T1021),lateral-movement,Command: Command Execution|Logon Session: Logon Session Creation|Network Traffic: Network Connection Creation|Process: Process Creation,4
T1021,T1021.001,Remote Desktop Protocol (T1021.001),lateral-movement,Logon Session: Logon Session Creation|Logon Session: Logon Session Metadata|Network Traffic: Network Connection Creation|Process: Process Creation,4
T1021,T1021.002,SMB/Windows Admin Shares (T1021.002),lateral-movement,Logon Session: Logon Session Creation|Network Traffic: Network Connection Creation|Process: Process Creation,3
T1021,T1021.003,Distributed Component Object Model (T1021.003),lateral-movement,Logon Session: Logon Session Creation|Module: Module Load|Network Traffic: Network Connection Creation|Process: Process Creation,4
T1021,T1021.004,SSH (T1021.004),lateral-movement,Command: Command Execution|Logon Session: Logon Session Creation|Logon Session: Logon Session Metadata|Network Traffic: Network Traffic Content|Network Traffic: Network Traffic Flow|Process: Process Creation,6
T1021,T1021.005,VNC (T1021.005),lateral-movement,Logon Session: Logon Session Creation|Logon Session: Logon Session Metadata|Network Traffic: Network Traffic Flow|Process: Process Creation,4
T1021,T1021.006,Windows Remote Management (T1021.006),lateral-movement,Logon Session: Logon Session Creation|Network Traffic: Network Traffic Flow|Process: Process Creation|Service: Service Metadata,4
T1021,T1021.007,Cloud Services (T1021.007),lateral-movement,Command: Command Execution|File: File Access|Logon Session: Logon Session Creation,3
T1021,T1021.008,Direct Cloud VM Connections (T1021.008),lateral-movement,Logon Session: Logon Session Creation|Process: Process Creation,2
T1025,T1025,Data from Removable Media (T1025),collection,Drive: Drive Creation|File: File Access|Process: Process Creation,3
T1027,T1027,Obfuscated Files or Information (T1027),stealth,Command: Command Execution|File: File Creation|File: File Metadata|File: File Modification|Network Traffic: Network Traffic Content|Process: OS API Execution|Process: Process Creation,7
T1027,T1027.001,Binary Padding (T1027.001),stealth,File: File Access|File: File Creation|Process: Process Creation,3
T1027,T1027.002,Software Packing (T1027.002),stealth,Process: Process Access|Process: Process Creation|Process: Process Modification,3
T1027,T1027.003,Steganography (T1027.003),stealth,File: File Access|Network Traffic: Network Connection Creation|Process: Process Creation,3
T1027,T1027.004,Compile After Delivery (T1027.004),stealth,File: File Creation|Network Traffic: Network Connection Creation|Process: Process Creation,3
T1027,T1027.005,Indicator Removal from Tools (T1027.005),stealth,Application Log: Application Log Content|File: File Creation|File: File Metadata|Process: Process Creation|Process: Process Modification,5
T1027,T1027.006,HTML Smuggling (T1027.006),stealth,File: File Creation|File: File Metadata|Network Traffic: Network Traffic Content|Process: Process Creation,4
T1027,T1027.007,Dynamic API Resolution (T1027.007),stealth,Module: Module Load|Process: OS API Execution|Process: Process Creation,3
T1027,T1027.008,Stripped Payloads (T1027.008),stealth,File: File Creation|File: File Metadata|File: File Modification|Network Traffic: Network Traffic Content|Process: Process Creation,5
T1027,T1027.009,Embedded Payloads (T1027.009),stealth,File: File Access|File: File Creation|File: File Metadata|File: File Modification|Process: Process Creation,5
T1027,T1027.010,Command Obfuscation (T1027.010),stealth,Command: Command Execution|Process: Process Creation,2
T1027,T1027.011,Fileless Storage (T1027.011),stealth,File: File Creation|File: File Metadata|WMI: WMI Creation|Windows Registry: Windows Registry Key Modification,4
T1027,T1027.012,LNK Icon Smuggling (T1027.012),stealth,File: File Metadata|Network Traffic: Network Connection Creation|Process: Process Creation,3
T1027,T1027.013,Encrypted/Encoded File (T1027.013),stealth,Command: Command Execution|Module: Module Load|Network Traffic: Network Connection Creation|Process: Process Access|Process: Process Creation|Process: Process Modification,6
T1027,T1027.014,Polymorphic Code (T1027.014),stealth,File: File Creation|File: File Modification|Module: Module Load|Process: Process Access|Process: Process Creation|Process: Process Metadata|Process: Process Modification,7
T1027,T1027.015,Compression (T1027.015),stealth,File: File Access|File: File Creation|File: File Metadata|File: File Modification|Process: Process Creation,5
T1027,T1027.016,Junk Code Insertion (T1027.016),stealth,File: File Creation|Process: Process Access|Process: Process Creation|Process: Process Modification,4
T1027,T1027.017,SVG Smuggling (T1027.017),stealth,File: File Creation|File: File Modification|Network Traffic: Network Connection Creation|Network Traffic: Network Traffic Content|Process: Process Creation,5
T1027,T1027.018,Invisible Unicode (T1027.018),stealth,Command: Command Execution|File: File Access|File: File Creation|File: File Metadata|Module: Module Load|Network Traffic: Network Connection Creation|Process: Process Creation|Script: Script Execution,8
T1029,T1029,Scheduled Transfer (T1029),exfiltration,Network Traffic: Network Connection Creation|Network Traffic: Network Traffic Flow|Process: Process Creation|Scheduled Job: Scheduled Job Metadata,4
T1030,T1030,Data Transfer Size Limits (T1030),exfiltration,Network Traffic: Network Connection Creation|Network Traffic: Network Traffic Flow,2
T1033,T1033,System Owner/User Discovery (T1033),discovery,Command: Command Execution|Process: OS API Execution|Process: Process Creation,3
T1036,T1036,Masquerading (T1036),stealth,Command: Command Execution|File: File Metadata|File: File Modification|Image: Image Metadata|Process: Process Creation|Process: Process Metadata|Service: Service Creation|Service: Service Metadata,8
T1036,T1036.001,Invalid Code Signature (T1036.001),stealth,Command: Command Execution|File: File Metadata|File: File Modification|Process: Process Creation,4
T1036,T1036.002,Right-to-Left Override (T1036.002),stealth,Command: Command Execution|File: File Access|File: File Metadata|Process: Process Creation,4
T1036,T1036.003,Rename Legitimate Utilities (T1036.003),stealth,Command: Command Execution|File: File Creation|File: File Metadata|File: File Modification|Process: Process Creation|Process: Process Metadata,6
T1036,T1036.004,Masquerade Task or Service (T1036.004),stealth,Process: Process Creation|Scheduled Job: Scheduled Job Creation|Scheduled Job: Scheduled Job Metadata|Scheduled Job: Scheduled Job Modification|Service: Service Creation|Service: Service Metadata,6
T1036,T1036.005,Match Legitimate Resource Name or Location (T1036.005),stealth,File: File Access|File: File Creation|File: File Metadata|Image: Image Metadata|Module: Module Load|Process: Process Creation|Process: Process Metadata|Process: Process Modification|Scheduled Job: Scheduled Job Creation|Service: Service Metadata,10
T1036,T1036.006,Space after Filename (T1036.006),stealth,File: File Access|File: File Metadata|Process: Process Creation,3
T1036,T1036.007,Double File Extension (T1036.007),stealth,File: File Creation|Process: Process Creation,2
T1036,T1036.008,Masquerade File Type (T1036.008),stealth,File: File Creation|File: File Metadata|Process: Process Creation,3
T1036,T1036.009,Break Process Trees (T1036.009),stealth,Process: OS API Execution|Process: Process Creation,2
T1036,T1036.010,Masquerade Account Name (T1036.010),stealth,User Account: User Account Creation|User Account: User Account Metadata|User Account: User Account Modification,3
T1036,T1036.011,Overwrite Process Arguments (T1036.011),stealth,Process: Process Metadata|Process: Process Modification,2
T1036,T1036.012,Browser Fingerprint (T1036.012),stealth,Network Traffic: Network Connection Creation|Network Traffic: Network Traffic Content|Process: OS API Execution|Process: Process Creation,4
T1037,T1037,Boot or Logon Initialization Scripts (T1037),persistence|privilege-escalation,File: File Access|File: File Metadata|File: File Modification|Process: Process Creation|Scheduled Job: Scheduled Job Creation|Script: Script Execution|Service: Service Metadata|Windows Registry: Windows Registry Key Modification,8
T1037,T1037.001,Logon Script (Windows) (T1037.001),persistence|privilege-escalation,File: File Access|Logon Session: Logon Session Creation|Process: Process Creation|Script: Script Execution,4
T1037,T1037.002,Login Hook (T1037.002),persistence|privilege-escalation,File: File Modification|Process: Process Creation,2
T1037,T1037.003,Network Logon Script (T1037.003),persistence|privilege-escalation,Network Share: Network Share Access|Process: Process Creation|Script: Script Execution,3
T1037,T1037.004,RC Scripts (T1037.004),persistence|privilege-escalation,Command: Command Execution|File: File Creation|File: File Modification|Process: Process Creation|Script: Script Execution,5
T1037,T1037.005,Startup Items (T1037.005),persistence|privilege-escalation,File: File Creation|Process: Process Creation,2
T1039,T1039,Data from Network Shared Drive (T1039),collection,Drive: Drive Access|File: File Access|File: File Creation|Network Share: Network Share Access,4
T1040,T1040,Network Sniffing (T1040),credential-access|discovery,Cloud Service: Cloud Service Modification|Command: Command Execution|Network Traffic: Network Traffic Content|Process: Process Creation|Service: Service Creation|User Account: User Account Authentication,6
T1041,T1041,Exfiltration Over C2 Channel (T1041),exfiltration,File: File Access|Network Traffic: Network Connection Creation|Network Traffic: Network Traffic Content|Network Traffic: Network Traffic Flow|Process: Process Creation,5
T1046,T1046,Network Service Discovery (T1046),discovery,Network Traffic: Network Connection Creation|Network Traffic: Network Traffic Content|Network Traffic: Network Traffic Flow|Process: Process Creation,4
T1047,T1047,Windows Management Instrumentation (T1047),execution,Network Traffic: Network Connection Creation|Process: Process Creation|WMI: WMI Creation,3
T1048,T1048,Exfiltration Over Alternative Protocol (T1048),exfiltration,Cloud Storage: Cloud Storage Access|Command: Command Execution|File: File Access|File: File Creation|File: File Modification|Network Traffic: Network Connection Creation|Network Traffic: Network Traffic Content|Network Traffic: Network Traffic Flow|Process: Process Creation,9
T1048,T1048.001,Exfiltration Over Symmetric Encrypted Non-C2 Protocol (T1048.001),exfiltration,Command: Command Execution|Network Traffic: Network Connection Creation|Network Traffic: Network Traffic Content|Network Traffic: Network Traffic Flow|Process: Process Creation,5
T1048,T1048.002,Exfiltration Over Asymmetric Encrypted Non-C2 Protocol (T1048.002),exfiltration,Command: Command Execution|File: File Access|Network Traffic: Network Connection Creation|Network Traffic: Network Traffic Content|Network Traffic: Network Traffic Flow|Process: Process Creation,6
T1048,T1048.003,Exfiltration Over Unencrypted Non-C2 Protocol (T1048.003),exfiltration,Command: Command Execution|File: File Access|Network Traffic: Network Connection Creation|Network Traffic: Network Traffic Content|Network Traffic: Network Traffic Flow|Process: Process Creation,6
T1049,T1049,System Network Connections Discovery (T1049),discovery,Command: Command Execution|Network Traffic: Network Traffic Content|Process: OS API Execution|Process: Process Creation,4
T1052,T1052,Exfiltration Over Physical Medium (T1052),exfiltration,Command: Command Execution|Drive: Drive Creation|File: File Access|File: File Creation|Process: Process Creation,5
T1052,T1052.001,Exfiltration over USB (T1052.001),exfiltration,Drive: Drive Creation|File: File Access|File: File Creation|Process: Process Creation,4
T1053,T1053,Scheduled Task/Job (T1053),execution|persistence|privilege-escalation,Command: Command Execution|File: File Creation|File: File Modification|Process: Process Creation|Scheduled Job: Scheduled Job Creation,5
T1053,T1053.002,At (T1053.002),execution|persistence|privilege-escalation,Command: Command Execution|File: File Modification|Process: Process Creation|Scheduled Job: Scheduled Job Creation,4
T1053,T1053.003,Cron (T1053.003),execution|persistence|privilege-escalation,File: File Modification|Process: Process Creation|Scheduled Job: Scheduled Job Creation,3
T1053,T1053.005,Scheduled Task (T1053.005),execution|persistence|privilege-escalation,File: File Creation|Process: Process Creation|Scheduled Job: Scheduled Job Creation|Scheduled Job: Scheduled Job Modification|Windows Registry: Windows Registry Key Modification,5
T1053,T1053.006,Systemd Timers (T1053.006),execution|persistence|privilege-escalation,File: File Creation|Process: Process Creation|Scheduled Job: Scheduled Job Creation,3
T1053,T1053.007,Container Orchestration Job (T1053.007),execution|persistence|privilege-escalation,Container: Container Creation|Network Traffic: Network Traffic Content|Scheduled Job: Scheduled Job Creation,3
T1055,T1055,Process Injection (T1055),stealth|privilege-escalation,File: File Access|Module: Module Load|Process: OS API Execution|Process: Process Access|Process: Process Creation|Process: Process Metadata|Process: Process Modification,7
T1055,T1055.001,Dynamic-link Library Injection (T1055.001),stealth|privilege-escalation,Module: Module Load|Named Pipe: Named Pipe Metadata|Process: Process Access|Process: Process Creation,4
T1055,T1055.002,Portable Executable Injection (T1055.002),stealth|privilege-escalation,File: File Creation|Process: Process Access|Process: Process Creation|Process: Process Modification,4
T1055,T1055.003,Thread Execution Hijacking (T1055.003),stealth|privilege-escalation,Process: OS API Execution|Process: Process Access|Process: Process Creation|Process: Process Modification,4
T1055,T1055.004,Asynchronous Procedure Call (T1055.004),stealth|privilege-escalation,Process: OS API Execution|Process: Process Access|Process: Process Creation|Process: Process Modification,4
T1055,T1055.005,Thread Local Storage (T1055.005),stealth|privilege-escalation,Module: Module Load|Process: OS API Execution|Process: Process Access|Process: Process Modification,4
T1055,T1055.008,Ptrace System Calls (T1055.008),stealth|privilege-escalation,Process: OS API Execution|Process: Process Creation|Process: Process Metadata,3
T1055,T1055.009,Proc Memory (T1055.009),stealth|privilege-escalation,File: File Access|File: File Modification|Process: OS API Execution,3
T1055,T1055.011,Extra Window Memory Injection (T1055.011),stealth|privilege-escalation,Process: OS API Execution|Process: Process Access|Process: Process Creation,3
T1055,T1055.012,Process Hollowing (T1055.012),stealth|privilege-escalation,Process: OS API Execution|Process: Process Access|Process: Process Creation|Process: Process Modification,4
T1055,T1055.013,Process Doppelgänging (T1055.013),stealth|privilege-escalation,File: File Creation|Process: OS API Execution|Process: Process Access|Process: Process Creation,4
T1055,T1055.014,VDSO Hijacking (T1055.014),stealth|privilege-escalation,Module: Module Load|Process: OS API Execution|Process: Process Creation|Process: Process Modification,4
T1055,T1055.015,ListPlanting (T1055.015),stealth|privilege-escalation,Process: OS API Execution|Process: Process Access|Process: Process Creation|Process: Process Modification,4
T1056,T1056,Input Capture (T1056),collection|credential-access,File: File Access|File: File Modification|Network Traffic: Network Connection Creation|Network Traffic: Network Traffic Content|Process: OS API Execution|Process: Process Access|Process: Process Creation|Process: Process Metadata,8
T1056,T1056.001,Keylogging (T1056.001),collection|credential-access,File: File Access|Firmware: Firmware Modification|Network Traffic: Network Traffic Content|Process: OS API Execution|Process: Process Access|Process: Process Creation|Process: Process Metadata|Service: Service Creation|Windows Registry: Windows Registry Key Modification,9
T1056,T1056.002,GUI Input Capture (T1056.002),collection|credential-access,Command: Command Execution|Process: Process Creation|Script: Script Execution,3
T1056,T1056.003,Web Portal Capture (T1056.003),collection|credential-access,File: File Creation|File: File Modification|Network Traffic: Network Traffic Content,3
T1056,T1056.004,Credential API Hooking (T1056.004),collection|credential-access,File: File Access|Module: Module Load|Process: Process Access|Process: Process Creation|Process: Process Modification,5
T1057,T1057,Process Discovery (T1057),discovery,Command: Command Execution|File: File Access|Process: Process Access|Process: Process Creation|Process: Process Metadata,5
T1059,T1059,Command and Scripting Interpreter (T1059),execution,Command: Command Execution|Process: Process Creation|User Account: User Account Authentication,3
T1059,T1059.001,PowerShell (T1059.001),execution,Command: Command Execution|Module: Module Load|Process: Process Creation|Process: Process Metadata,4
T1059,T1059.002,AppleScript (T1059.002),execution,Process: Process Creation,1
T1059,T1059.003,Windows Command Shell (T1059.003),execution,Module: Module Load|Process: Process Creation|Script: Script Execution,3
T1059,T1059.004,Unix Shell (T1059.004),execution,Command: Command Execution|Logon Session: Logon Session Creation|Network Traffic: Network Connection Creation|Network Traffic: Network Traffic Flow|Process: Process Creation|Script: Script Execution,6
T1059,T1059.005,Visual Basic (T1059.005),execution,Command: Command Execution|Module: Module Load|Process: Process Creation|Script: Script Execution,4
T1059,T1059.006,Python (T1059.006),execution,Command: Command Execution|Network Traffic: Network Traffic Content|Process: Process Creation|Script: Script Execution,4
T1059,T1059.007,JavaScript (T1059.007),execution,Command: Command Execution|Module: Module Load|Process: Process Creation|Script: Script Execution,4
T1059,T1059.008,Network Device CLI (T1059.008),execution,Command: Command Execution|Network Traffic: Network Traffic Content|User Account: User Account Authentication,3
T1059,T1059.009,Cloud API (T1059.009),execution,Cloud Service: Cloud Service Modification|Command: Command Execution|User Account: User Account Authentication,3
T1059,T1059.010,AutoHotKey & AutoIT (T1059.010),execution,File: File Creation|Process: Process Access|Process: Process Creation,3
T1059,T1059.011,Lua (T1059.011),execution,Command: Command Execution|File: File Creation|File: File Metadata|Process: Process Creation|Script: Script Execution,5
T1059,T1059.012,Hypervisor CLI (T1059.012),execution,Command: Command Execution|User Account: User Account Authentication,2
T1059,T1059.013,Container CLI/API (T1059.013),execution,Command: Command Execution|Container: Container Creation|Container: Container Start|Pod: Pod Creation|Process: Process Creation,5
T1068,T1068,Exploitation for Privilege Escalation (T1068),privilege-escalation,Container: Container Enumeration|Driver: Driver Load|Logon Session: Logon Session Creation|Logon Session: Logon Session Metadata|Module: Module Load|Process: Process Access|Process: Process Creation,7
T1069,T1069,Permission Groups Discovery (T1069),discovery,Command: Command Execution|Process: Process Creation,2
T1069,T1069.001,Local Groups (T1069.001),discovery,Process: Process Creation,1
T1069,T1069.002,Domain Groups (T1069.002),discovery,Command: Command Execution|Network Traffic: Network Traffic Content|Process: Process Creation,3
T1069,T1069.003,Cloud Groups (T1069.003),discovery,Command: Command Execution|Group: Group Enumeration|Group: Group Metadata,3
T1070,T1070,Indicator Removal (T1070),stealth,Application Log: Application Log Content|File: File Deletion|File: File Metadata|File: File Modification|Scheduled Job: Scheduled Job Modification|Windows Registry: Windows Registry Key Modification,6
T1070,T1070.003,Clear Command History (T1070.003),stealth,Command: Command Execution|File: File Deletion|File: File Modification|Process: Process Creation,4
T1070,T1070.004,File Deletion (T1070.004),stealth,Command: Command Execution|File: File Access|File: File Deletion|File: File Modification|Process: Process Creation,5
T1070,T1070.005,Network Share Connection Removal (T1070.005),stealth,Command: Command Execution|Logon Session: Logon Session Creation|Network Traffic: Network Traffic Content|Process: Process Creation,4
T1070,T1070.006,Timestomp (T1070.006),stealth,Command: Command Execution|File: File Access|File: File Metadata|File: File Modification|Process: OS API Execution|Process: Process Creation,6
T1070,T1070.007,Clear Network Connection History and Configurations (T1070.007),stealth,Command: Command Execution|File: File Modification|Firewall: Firewall Rule Modification|Network Traffic: Network Traffic Content|Process: Process Creation|Windows Registry: Windows Registry Key Modification,6
T1070,T1070.008,Clear Mailbox Data (T1070.008),stealth,Application Log: Application Log Content|Command: Command Execution|File: File Deletion|File: File Modification|Process: Process Creation,5
T1070,T1070.009,Clear Persistence (T1070.009),stealth,Command: Command Execution|File: File Deletion|Process: Process Creation|Scheduled Job: Scheduled Job Creation|User Account: User Account Deletion|Windows Registry: Windows Registry Key Modification,6
T1070,T1070.010,Relocate Malware (T1070.010),stealth,Command: Command Execution|File: File Creation|File: File Deletion|File: File Modification,4
T1071,T1071,Application Layer Protocol (T1071),command-and-control,Command: Command Execution|Network Traffic: Network Connection Creation|Network Traffic: Network Traffic Content|Network Traffic: Network Traffic Flow|Process: Process Creation,5
T1071,T1071.001,Web Protocols (T1071.001),command-and-control,Command: Command Execution|Network Traffic: Network Connection Creation|Network Traffic: Network Traffic Content|Network Traffic: Network Traffic Flow|Process: Process Creation,5
T1071,T1071.002,File Transfer Protocols (T1071.002),command-and-control,Command: Command Execution|Network Traffic: Network Connection Creation|Network Traffic: Network Traffic Content|Network Traffic: Network Traffic Flow|Process: Process Creation,5
T1071,T1071.003,Mail Protocols (T1071.003),command-and-control,Network Traffic: Network Connection Creation|Network Traffic: Network Traffic Content|Network Traffic: Network Traffic Flow|Process: Process Creation,4
T1071,T1071.004,DNS (T1071.004),command-and-control,Network Traffic: Network Connection Creation|Network Traffic: Network Traffic Content|Network Traffic: Network Traffic Flow|Process: Process Creation,4
T1071,T1071.005,Publish/Subscribe Protocols (T1071.005),command-and-control,Network Traffic: Network Connection Creation|Network Traffic: Network Traffic Content|Network Traffic: Network Traffic Flow|Process: Process Creation,4
T1072,T1072,Software Deployment Tools (T1072),execution|lateral-movement,Application Log: Application Log Content|Command: Command Execution|Network Traffic: Network Traffic Flow|Process: Process Creation,4
T1074,T1074,Data Staged (T1074),collection,Cloud Storage: Cloud Storage Access|Command: Command Execution|File: File Access|File: File Creation|Process: Process Creation,5
T1074,T1074.001,Local Data Staging (T1074.001),collection,Command: Command Execution|File: File Access|File: File Creation|Process: Process Creation|Snapshot: Snapshot Creation,5
T1074,T1074.002,Remote Data Staging (T1074.002),collection,Cloud Storage: Cloud Storage Access|Command: Command Execution|File: File Access|File: File Creation|Network Share: Network Share Access|Network Traffic: Network Traffic Content|Process: Process Creation,7
T1078,T1078,Valid Accounts (T1078),stealth|persistence|privilege-escalation|initial-access,Logon Session: Logon Session Creation|Logon Session: Logon Session Metadata|Process: Process Creation|User Account: User Account Authentication,4
T1078,T1078.001,Default Accounts (T1078.001),stealth|persistence|privilege-escalation|initial-access,Logon Session: Logon Session Creation|Logon Session: Logon Session Metadata|User Account: User Account Authentication,3
T1078,T1078.002,Domain Accounts (T1078.002),stealth|persistence|privilege-escalation|initial-access,Logon Session: Logon Session Metadata|Network Traffic: Network Connection Creation|Process: Process Creation|User Account: User Account Authentication,4
T1078,T1078.003,Local Accounts (T1078.003),stealth|persistence|privilege-escalation|initial-access,Logon Session: Logon Session Creation|Logon Session: Logon Session Metadata|User Account: User Account Authentication,3
T1078,T1078.004,Cloud Accounts (T1078.004),stealth|persistence|privilege-escalation|initial-access,Logon Session: Logon Session Creation|Logon Session: Logon Session Metadata|User Account: User Account Authentication,3
T1080,T1080,Taint Shared Content (T1080),lateral-movement,File: File Creation|File: File Modification|Network Share: Network Share Access,3
T1082,T1082,System Information Discovery (T1082),discovery,Command: Command Execution|Instance: Instance Enumeration|Process: Process Creation|Windows Registry: Windows Registry Key Modification,4
T1083,T1083,File and Directory Discovery (T1083),discovery,Command: Command Execution|File: File Access|File: File Creation|Process: Process Creation,4
T1087,T1087,Account Discovery (T1087),discovery,Cloud Service: Cloud Service Enumeration|Command: Command Execution|File: File Access|Group: Group Enumeration|Process: Process Creation|Script: Script Execution|User Account: User Account Metadata,7
T1087,T1087.001,Local Account (T1087.001),discovery,File: File Access|Process: Process Creation|User Account: User Account Metadata,3
T1087,T1087.002,Domain Account (T1087.002),discovery,Command: Command Execution|Network Traffic: Network Traffic Content|Process: Process Creation,3
T1087,T1087.003,Email Account (T1087.003),discovery,Application Log: Application Log Content|Command: Command Execution|Process: Process Creation|User Account: User Account Authentication|User Account: User Account Metadata,5
T1087,T1087.004,Cloud Account (T1087.004),discovery,Application Log: Application Log Content|Command: Command Execution|User Account: User Account Authentication|User Account: User Account Metadata,4
T1090,T1090,Proxy (T1090),command-and-control,Command: Command Execution|Firewall: Firewall Rule Modification|Network Traffic: Network Connection Creation|Network Traffic: Network Traffic Flow|Process: Process Creation,5
T1090,T1090.001,Internal Proxy (T1090.001),command-and-control,Command: Command Execution|Firewall: Firewall Rule Modification|Network Traffic: Network Connection Creation|Network Traffic: Network Traffic Content|Network Traffic: Network Traffic Flow|Process: Process Creation|Service: Service Creation,7
T1090,T1090.002,External Proxy (T1090.002),command-and-control,Firewall: Firewall Rule Modification|Network Traffic: Network Connection Creation|Network Traffic: Network Traffic Content|Network Traffic: Network Traffic Flow|Process: Process Creation,5
T1090,T1090.003,Multi-hop Proxy (T1090.003),command-and-control,Firmware: Firmware Modification|Network Traffic: Network Connection Creation|Network Traffic: Network Traffic Content|Network Traffic: Network Traffic Flow|Process: Process Creation,5
T1090,T1090.004,Domain Fronting (T1090.004),command-and-control,Network Traffic: Network Connection Creation|Network Traffic: Network Traffic Content|Process: Process Creation,3
T1091,T1091,Replication Through Removable Media (T1091),lateral-movement|initial-access,Drive: Drive Creation|File: File Access|File: File Creation|Process: Process Creation,4
T1092,T1092,Communication Through Removable Media (T1092),command-and-control,Drive: Drive Creation|File: File Creation|Process: Process Creation,3
T1095,T1095,Non-Application Layer Protocol (T1095),command-and-control,Network Traffic: Network Connection Creation|Network Traffic: Network Traffic Content|Network Traffic: Network Traffic Flow,3
T1098,T1098,Account Manipulation (T1098),persistence|privilege-escalation,Active Directory: Active Directory Object Modification|File: File Modification|Process: Process Creation|User Account: User Account Modification,4
T1098,T1098.001,Additional Cloud Credentials (T1098.001),persistence|privilege-escalation,Active Directory: Active Directory Object Creation|Active Directory: Active Directory Object Modification|User Account: User Account Modification,3
T1098,T1098.002,Additional Email Delegate Permissions (T1098.002),persistence|privilege-escalation,Application Log: Application Log Content|Process: Process Creation|User Account: User Account Modification,3
T1098,T1098.003,Additional Cloud Roles (T1098.003),persistence|privilege-escalation,User Account: User Account Modification,1
T1098,T1098.004,SSH Authorized Keys (T1098.004),persistence|privilege-escalation,Command: Command Execution|File: File Modification|Process: Process Creation,3
T1098,T1098.005,Device Registration (T1098.005),persistence|privilege-escalation,Active Directory: Active Directory Object Creation|Application Log: Application Log Content|User Account: User Account Modification,3
T1098,T1098.006,Additional Container Cluster Roles (T1098.006),persistence|privilege-escalation,User Account: User Account Modification,1
T1098,T1098.007,Additional Local or Domain Groups (T1098.007),persistence|privilege-escalation,User Account: User Account Modification,1
T1102,T1102,Web Service (T1102),command-and-control,Network Traffic: Network Connection Creation|Network Traffic: Network Traffic Content|Network Traffic: Network Traffic Flow,3
T1102,T1102.001,Dead Drop Resolver (T1102.001),command-and-control,Network Traffic: Network Connection Creation|Network Traffic: Network Traffic Content|Network Traffic: Network Traffic Flow,3
T1102,T1102.002,Bidirectional Communication (T1102.002),command-and-control,Network Traffic: Network Connection Creation|Network Traffic: Network Traffic Content|Network Traffic: Network Traffic Flow|Process: Process Creation,4
T1102,T1102.003,One-Way Communication (T1102.003),command-and-control,Network Traffic: Network Connection Creation|Network Traffic: Network Traffic Content|Network Traffic: Network Traffic Flow|Process: Process Creation,4
T1104,T1104,Multi-Stage Channels (T1104),command-and-control,Network Traffic: Network Connection Creation|Network Traffic: Network Traffic Flow|Process: Process Creation,3
T1105,T1105,Ingress Tool Transfer (T1105),command-and-control,Command: Command Execution|File: File Creation|Network Traffic: Network Connection Creation|Network Traffic: Network Traffic Flow|Process: Process Creation,5
T1106,T1106,Native API (T1106),execution,Module: Module Load|Process: Process Access|Process: Process Creation,3
T1110,T1110,Brute Force (T1110),credential-access,User Account: User Account Authentication,1
T1110,T1110.001,Password Guessing (T1110.001),credential-access,User Account: User Account Authentication,1
T1110,T1110.002,Password Cracking (T1110.002),credential-access,File: File Access|File: File Creation|Process: Process Access|Process: Process Creation|User Account: User Account Authentication,5
T1110,T1110.003,Password Spraying (T1110.003),credential-access,User Account: User Account Authentication,1
T1110,T1110.004,Credential Stuffing (T1110.004),credential-access,User Account: User Account Authentication,1
T1111,T1111,Multi-Factor Authentication Interception (T1111),credential-access,Driver: Driver Load|Logon Session: Logon Session Creation|Process: OS API Execution|Process: Process Access|Process: Process Creation|Windows Registry: Windows Registry Key Modification,6
T1112,T1112,Modify Registry (T1112),defense-impairment|persistence,Process: Process Creation|Windows Registry: Windows Registry Key Modification,2
T1113,T1113,Screen Capture (T1113),collection,Module: Module Load|Process: Process Creation,2
T1114,T1114,Email Collection (T1114),collection,Application Log: Application Log Content|Command: Command Execution|File: File Access|Logon Session: Logon Session Creation|Network Share: Network Share Access|Network Traffic: Network Connection Creation|Process: Process Creation,7
T1114,T1114.001,Local Email Collection (T1114.001),collection,File: File Access|File: File Creation|Network Traffic: Network Connection Creation|Process: Process Creation,4
T1114,T1114.002,Remote Email Collection (T1114.002),collection,Application Log: Application Log Content|Command: Command Execution|Logon Session: Logon Session Creation|Network Traffic: Network Connection Creation,4
T1114,T1114.003,Email Forwarding Rule (T1114.003),collection,Application Log: Application Log Content|Cloud Service: Cloud Service Metadata|Command: Command Execution|File: File Modification|Process: Process Creation,5
T1115,T1115,Clipboard Data (T1115),collection,Process: Process Access|Process: Process Creation,2
T1119,T1119,Automated Collection (T1119),collection,File: File Access|File: File Creation|Process: Process Creation|Script: Script Execution|User Account: User Account Authentication,5
T1120,T1120,Peripheral Device Discovery (T1120),discovery,Drive: Drive Access|File: File Access|Process: Process Access|Process: Process Creation,4
T1123,T1123,Audio Capture (T1123),collection,File: File Access|File: File Creation|Process: OS API Execution|Process: Process Access|Process: Process Creation,5
T1124,T1124,System Time Discovery (T1124),discovery,Command: Command Execution|File: File Creation|File: File Modification|Module: Module Load|Process: OS API Execution|Process: Process Access|Process: Process Creation|Process: Process Metadata|Scheduled Job: Scheduled Job Creation|Scheduled Job: Scheduled Job Metadata|User Account: User Account Authentication,11
T1125,T1125,Video Capture (T1125),collection,Command: Command Execution|File: File Access|File: File Creation|Module: Module Load|Network Traffic: Network Connection Creation|Network Traffic: Network Traffic Content|Process: OS API Execution|Process: Process Creation|Process: Process Metadata,9
T1127,T1127,Trusted Developer Utilities Proxy Execution (T1127),stealth|execution,File: File Creation|Module: Module Load|Network Traffic: Network Connection Creation|Process: Process Creation|Process: Process Metadata,5
T1127,T1127.001,MSBuild (T1127.001),stealth|execution,File: File Creation|Module: Module Load|Network Traffic: Network Connection Creation|Process: Process Access|Process: Process Creation|Process: Process Metadata|Process: Process Modification|Script: Script Execution,8
T1127,T1127.002,ClickOnce (T1127.002),stealth|execution,Module: Module Load|Process: Process Creation|Process: Process Metadata,3
T1127,T1127.003,JamPlus (T1127.003),stealth|execution,File: File Creation|Network Traffic: Network Connection Creation|Process: Process Creation|Process: Process Metadata,4
T1129,T1129,Shared Modules (T1129),execution,File: File Access|File: File Creation|Module: Module Load|Network Traffic: Network Connection Creation|Network Traffic: Network Traffic Content|Process: Process Creation|Process: Process Metadata,7
T1132,T1132,Data Encoding (T1132),command-and-control,Command: Command Execution|Network Traffic: Network Connection Creation|Network Traffic: Network Traffic Content|Process: Process Creation|User Account: User Account Authentication,5
T1132,T1132.001,Standard Encoding (T1132.001),command-and-control,Application Log: Application Log Content|Network Traffic: Network Connection Creation|Network Traffic: Network Traffic Content|Network Traffic: Network Traffic Flow|Process: Process Creation|Script: Script Execution,6
T1132,T1132.002,Non-Standard Encoding (T1132.002),command-and-control,Application Log: Application Log Content|Network Traffic: Network Connection Creation|Network Traffic: Network Traffic Content|Network Traffic: Network Traffic Flow|Process: Process Creation|Script: Script Execution,6
T1133,T1133,External Remote Services (T1133),persistence|initial-access,Application Log: Application Log Content|Logon Session: Logon Session Metadata|Network Traffic: Network Connection Creation|Network Traffic: Network Traffic Flow|User Account: User Account Authentication,5
T1134,T1134,Access Token Manipulation (T1134),stealth|privilege-escalation,Active Directory: Active Directory Object Modification|Logon Session: Logon Session Metadata|Process: OS API Execution|Process: Process Access|Process: Process Creation,5
T1134,T1134.001,Token Impersonation/Theft (T1134.001),stealth|privilege-escalation,Process: OS API Execution|Process: Process Access|Process: Process Creation,3
T1134,T1134.002,Create Process with Token (T1134.002),stealth|privilege-escalation,Active Directory: Active Directory Object Modification|Logon Session: Logon Session Metadata|Process: OS API Execution|Process: Process Access|Process: Process Creation,5
T1134,T1134.003,Make and Impersonate Token (T1134.003),stealth|privilege-escalation,Logon Session: Logon Session Metadata|Process: OS API Execution|Process: Process Creation,3
T1134,T1134.004,Parent PID Spoofing (T1134.004),stealth|privilege-escalation,Process: OS API Execution|Process: Process Creation|Process: Process Metadata,3
T1134,T1134.005,SID-History Injection (T1134.005),stealth|privilege-escalation,Active Directory: Active Directory Object Modification|Process: OS API Execution|User Account: User Account Metadata,3
T1135,T1135,Network Share Discovery (T1135),discovery,Command: Command Execution|Named Pipe: Named Pipe Metadata|Network Traffic: Network Connection Creation|Network Traffic: Network Traffic Flow|Process: OS API Execution|Process: Process Creation,6
T1136,T1136,Create Account (T1136),persistence,Command: Command Execution|File: File Modification|Process: Process Creation|User Account: User Account Creation|User Account: User Account Modification,5
T1136,T1136.001,Local Account (T1136.001),persistence,Command: Command Execution|File: File Modification|Process: Process Creation|User Account: User Account Creation,4
T1136,T1136.002,Domain Account (T1136.002),persistence,Command: Command Execution|Logon Session: Logon Session Creation|Process: Process Creation|User Account: User Account Authentication|User Account: User Account Creation,5
T1136,T1136.003,Cloud Account (T1136.003),persistence,Group: Group Modification|User Account: User Account Authentication|User Account: User Account Creation|User Account: User Account Modification,4
T1137,T1137,Office Application Startup (T1137),persistence,Application Log: Application Log Content|File: File Creation|Process: Process Creation|User Account: User Account Modification|Windows Registry: Windows Registry Key Modification,5
T1137,T1137.001,Office Template Macros (T1137.001),persistence,Command: Command Execution|File: File Creation|File: File Metadata|Process: Process Creation|Windows Registry: Windows Registry Key Modification,5
T1137,T1137.002,Office Test (T1137.002),persistence,Command: Command Execution|File: File Creation|Module: Module Load|Process: Process Creation|Windows Registry: Windows Registry Key Modification,5
T1137,T1137.003,Outlook Forms (T1137.003),persistence,Application Log: Application Log Content|Command: Command Execution|Module: Module Load|Process: Process Creation,4
T1137,T1137.004,Outlook Home Page (T1137.004),persistence,Application Log: Application Log Content|Command: Command Execution|Module: Module Load|Process: Process Creation,4
T1137,T1137.005,Outlook Rules (T1137.005),persistence,Application Log: Application Log Content|Command: Command Execution|Module: Module Load|Process: Process Creation,4
T1137,T1137.006,Add-ins (T1137.006),persistence,Application Log: Application Log Content|Command: Command Execution|File: File Creation|File: File Modification|Process: Process Creation|Windows Registry: Windows Registry Key Modification,6
T1140,T1140,Deobfuscate/Decode Files or Information (T1140),stealth,Command: Command Execution|File: File Creation|Process: Process Access|Process: Process Creation,4
T1176,T1176,Software Extensions (T1176),persistence,Command: Command Execution|File: File Creation|Network Traffic: Network Connection Creation|Network Traffic: Network Traffic Flow|Process: Process Creation|Windows Registry: Windows Registry Key Modification,6
T1176,T1176.001,Browser Extensions (T1176.001),persistence,Command: Command Execution|File: File Access|File: File Creation|Network Traffic: Network Connection Creation|Network Traffic: Network Traffic Content|Process: Process Creation|Windows Registry: Windows Registry Key Modification,7
T1176,T1176.002,IDE Extensions (T1176.002),persistence,File: File Creation|Network Traffic: Network Connection Creation|Network Traffic: Network Traffic Flow|Process: Process Creation,4
T1185,T1185,Browser Session Hijacking (T1185),collection,Logon Session: Logon Session Creation|Logon Session: Logon Session Metadata|Module: Module Load|Network Traffic: Network Connection Creation|Process: Process Access|Process: Process Modification|User Account: User Account Metadata,7
T1187,T1187,Forced Authentication (T1187),credential-access,File: File Creation|File: File Modification|Network Traffic: Network Traffic Content|Network Traffic: Network Traffic Flow,4
T1189,T1189,Drive-by Compromise (T1189),initial-access,Application Log: Application Log Content|File: File Creation|Logon Session: Logon Session Creation|Network Traffic: Network Connection Creation|Network Traffic: Network Traffic Content|Process: Process Creation|Process: Process Modification|User Account: User Account Authentication|User Account: User Account Metadata,9
T1190,T1190,Exploit Public-Facing Application (T1190),initial-access,Application Log: Application Log Content|Module: Module Load|Network Traffic: Network Connection Creation|Network Traffic: Network Traffic Content|Network Traffic: Network Traffic Flow|Process: Process Creation,6
T1195,T1195,Supply Chain Compromise (T1195),initial-access,File: File Creation|File: File Metadata|File: File Modification|Module: Module Load|Network Traffic: Network Traffic Flow|Process: Process Creation|Process: Process Modification,7
T1195,T1195.001,Compromise Software Dependencies and Development Tools (T1195.001),initial-access,File: File Creation|File: File Metadata|Module: Module Load|Network Traffic: Network Traffic Flow|Process: Process Creation|Process: Process Modification|Windows Registry: Windows Registry Key Modification,7
T1195,T1195.002,Compromise Software Supply Chain (T1195.002),initial-access,Driver: Driver Load|File: File Creation|File: File Metadata|Module: Module Load|Network Traffic: Network Connection Creation|Network Traffic: Network Traffic Flow|Process: Process Creation|Windows Registry: Windows Registry Key Modification,8
T1195,T1195.003,Compromise Hardware Supply Chain (T1195.003),initial-access,Driver: Driver Load|File: File Metadata|Module: Module Load|Process: Process Access|Sensor Health: Host Status,5
T1197,T1197,BITS Jobs (T1197),stealth|persistence|execution,Command: Command Execution|Network Traffic: Network Connection Creation|Process: Process Creation|Service: Service Creation,4
T1199,T1199,Trusted Relationship (T1199),initial-access,Application Log: Application Log Content|Logon Session: Logon Session Creation|Logon Session: Logon Session Metadata|Network Traffic: Network Connection Creation|Network Traffic: Network Traffic Content,5
T1200,T1200,Hardware Additions (T1200),initial-access,Application Log: Application Log Content|Drive: Drive Creation|Driver: Driver Load|File: File Creation|Module: Module Load|Network Traffic: Network Connection Creation|Network Traffic: Network Traffic Flow|Process: Process Creation,8
T1201,T1201,Password Policy Discovery (T1201),discovery,Active Directory: Active Directory Object Access|Command: Command Execution|Process: Process Creation|User Account: User Account Metadata,4
T1202,T1202,Indirect Command Execution (T1202),stealth,File: File Creation|Network Traffic: Network Connection Creation|Process: Process Creation,3
T1203,T1203,Exploitation for Client Execution (T1203),execution,Application Log: Application Log Content|File: File Access|File: File Creation|File: File Modification|Network Traffic: Network Connection Creation|Network Traffic: Network Traffic Flow|Process: Process Creation,7
T1204,T1204,User Execution (T1204),execution,Application Log: Application Log Content|Container: Container Creation|Container: Container Start|File: File Access|File: File Creation|File: File Modification|Instance: Instance Creation|Instance: Instance Start|Network Traffic: Network Connection Creation|Network Traffic: Network Traffic Content|Process: Process Creation,11
T1204,T1204.001,Malicious Link (T1204.001),execution,File: File Creation|Network Traffic: Network Connection Creation|Network Traffic: Network Traffic Content|Process: Process Creation,4
T1204,T1204.002,Malicious File (T1204.002),execution,File: File Creation|File: File Metadata|Process: Process Creation,3
T1204,T1204.003,Malicious Image (T1204.003),execution,Command: Command Execution|Container: Container Creation|Container: Container Start|Image: Image Creation|Instance: Instance Creation|Instance: Instance Start|Network Traffic: Network Traffic Content|Process: Process Creation,8
T1204,T1204.004,Malicious Copy and Paste (T1204.004),execution,Command: Command Execution|File: File Creation|Network Traffic: Network Connection Creation|Network Traffic: Network Traffic Content|Process: Process Creation,5
T1204,T1204.005,Malicious Library (T1204.005),execution,File: File Creation|File: File Metadata|Network Traffic: Network Connection Creation|Network Traffic: Network Traffic Content|Process: Process Creation,5
T1205,T1205,Traffic Signaling (T1205),stealth|persistence|command-and-control,Command: Command Execution|Network Traffic: Network Connection Creation|Network Traffic: Network Traffic Content|Network Traffic: Network Traffic Flow|Process: Process Creation,5
T1205,T1205.001,Port Knocking (T1205.001),stealth|persistence|command-and-control,Network Traffic: Network Connection Creation|Network Traffic: Network Traffic Flow|Process: Process Creation,3
T1205,T1205.002,Socket Filters (T1205.002),stealth|persistence|command-and-control,Driver: Driver Load|Module: Module Load|Network Traffic: Network Connection Creation|Network Traffic: Network Traffic Content|Process: Process Creation|Service: Service Creation,6
T1207,T1207,Rogue Domain Controller (T1207),defense-impairment,Active Directory: Active Directory Credential Request|Active Directory: Active Directory Object Access|Active Directory: Active Directory Object Creation|Active Directory: Active Directory Object Modification|Network Traffic: Network Traffic Content,5
T1210,T1210,Exploitation of Remote Services (T1210),lateral-movement,Application Log: Application Log Content|File: File Creation|Module: Module Load|Network Traffic: Network Connection Creation|Network Traffic: Network Traffic Content|Process: Process Access|Process: Process Creation,7
T1211,T1211,Exploitation for Stealth (T1211),stealth,Application Log: Application Log Content|Module: Module Load|Process: Process Creation,3
T1212,T1212,Exploitation for Credential Access (T1212),credential-access,Application Log: Application Log Content|Process: Process Access|Process: Process Creation|User Account: User Account Authentication,4
T1213,T1213,Data from Information Repositories (T1213),collection,Application Log: Application Log Content|Cloud Service: Cloud Service Modification|Cloud Storage: Cloud Storage Access|Command: Command Execution|File: File Access|Network Share: Network Share Access|Network Traffic: Network Connection Creation|Process: Process Creation,8
T1213,T1213.001,Confluence (T1213.001),collection,Application Log: Application Log Content|Logon Session: Logon Session Creation|Network Traffic: Network Traffic Content,3
T1213,T1213.002,Sharepoint (T1213.002),collection,Application Log: Application Log Content|Cloud Service: Cloud Service Metadata|Logon Session: Logon Session Creation,3
T1213,T1213.003,Code Repositories (T1213.003),collection,Application Log: Application Log Content|Cloud Service: Cloud Service Metadata|Logon Session: Logon Session Creation,3
T1213,T1213.004,Customer Relationship Management Software (T1213.004),collection,Application Log: Application Log Content|Logon Session: Logon Session Creation,2
T1213,T1213.005,Messaging Applications (T1213.005),collection,Application Log: Application Log Content|Logon Session: Logon Session Creation,2
T1213,T1213.006,Databases (T1213.006),collection,Application Log: Application Log Content|Cloud Service: Cloud Service Metadata|Cloud Storage: Cloud Storage Access|File: File Access|File: File Creation|Network Traffic: Network Connection Creation|Network Traffic: Network Traffic Content|Process: Process Creation,8
T1216,T1216,System Script Proxy Execution (T1216),stealth,Command: Command Execution|File: File Creation|Module: Module Load|Process: Process Access|Process: Process Creation,5
T1216,T1216.001,PubPrn (T1216.001),stealth,Command: Command Execution|Module: Module Load|Network Traffic: Network Connection Creation|Process: Process Creation,4
T1216,T1216.002,SyncAppvPublishingServer (T1216.002),stealth,Command: Command Execution|Module: Module Load|Process: Process Access|Process: Process Creation,4
T1217,T1217,Browser Information Discovery (T1217),discovery,Command: Command Execution|File: File Access|File: File Creation|Process: Process Creation,4
T1218,T1218,System Binary Proxy Execution (T1218),stealth,Module: Module Load|Network Traffic: Network Connection Creation|Process: Process Creation,3
T1218,T1218.001,Compiled HTML File (T1218.001),stealth,File: File Creation|Module: Module Load|Network Traffic: Network Connection Creation|Process: Process Creation,4
T1218,T1218.002,Control Panel (T1218.002),stealth,File: File Creation|Module: Module Load|Process: Process Creation|Windows Registry: Windows Registry Key Creation,4
T1218,T1218.003,CMSTP (T1218.003),stealth,Command: Command Execution|File: File Creation|Network Traffic: Network Connection Creation|Process: Process Access|Process: Process Creation|Windows Registry: Windows Registry Key Creation|Windows Registry: Windows Registry Key Modification,7
T1218,T1218.004,InstallUtil (T1218.004),stealth,Command: Command Execution|File: File Creation|Module: Module Load|Process: Process Creation,4
T1218,T1218.005,Mshta (T1218.005),stealth,File: File Creation|Network Traffic: Network Connection Creation|Process: Process Creation,3
T1218,T1218.007,Msiexec (T1218.007),stealth,Module: Module Load|Network Traffic: Network Connection Creation|Process: Process Creation,3
T1218,T1218.008,Odbcconf (T1218.008),stealth,Module: Module Load|Network Traffic: Network Connection Creation|Process: Process Creation,3
T1218,T1218.009,Regsvcs/Regasm (T1218.009),stealth,Command: Command Execution|File: File Creation|Module: Module Load|Network Traffic: Network Connection Creation|Process: Process Creation|Windows Registry: Windows Registry Key Creation|Windows Registry: Windows Registry Key Modification,7
T1218,T1218.010,Regsvr32 (T1218.010),stealth,Module: Module Load|Network Traffic: Network Connection Creation|Process: Process Creation,3
T1218,T1218.011,Rundll32 (T1218.011),stealth,File: File Creation|Module: Module Load|Network Traffic: Network Connection Creation|Process: Process Creation,4
T1218,T1218.012,Verclsid (T1218.012),stealth,Module: Module Load|Network Traffic: Network Connection Creation|Process: Process Creation|Windows Registry: Windows Registry Key Modification,4
T1218,T1218.013,Mavinject (T1218.013),stealth,Command: Command Execution|File: File Creation|Module: Module Load|Network Traffic: Network Connection Creation|Process: Process Access|Process: Process Creation,6
T1218,T1218.014,MMC (T1218.014),stealth,Command: Command Execution|File: File Creation|Module: Module Load|Network Traffic: Network Connection Creation|Process: OS API Execution|Process: Process Creation|Windows Registry: Windows Registry Key Creation|Windows Registry: Windows Registry Key Modification,8
T1218,T1218.015,Electron Applications (T1218.015),stealth,File: File Creation|Module: Module Load|Network Traffic: Network Connection Creation|Process: Process Creation,4
T1219,T1219,Remote Access Tools (T1219),command-and-control,File: File Creation|Network Traffic: Network Connection Creation|Process: Process Creation|Service: Service Creation|Windows Registry: Windows Registry Key Creation|Windows Registry: Windows Registry Key Modification,6
T1219,T1219.001,IDE Tunneling (T1219.001),command-and-control,File: File Creation|Network Traffic: Network Connection Creation|Process: Process Creation,3
T1219,T1219.002,Remote Desktop Software (T1219.002),command-and-control,File: File Creation|Firewall: Firewall Rule Modification|Network Traffic: Network Connection Creation|Process: Process Creation,4
T1219,T1219.003,Remote Access Hardware (T1219.003),command-and-control,Drive: Drive Creation,1
T1220,T1220,XSL Script Processing (T1220),stealth,Module: Module Load|Process: Process Creation,2
T1221,T1221,Template Injection (T1221),stealth,Network Traffic: Network Connection Creation|Process: Process Creation,2
T1222,T1222,File and Directory Permissions Modification (T1222),defense-impairment,Active Directory: Active Directory Object Modification|Command: Command Execution|File: File Creation|File: File Metadata|Process: Process Creation,5
T1222,T1222.001,Windows Permissions (T1222.001),defense-impairment,Active Directory: Active Directory Object Modification|Command: Command Execution|File: File Creation|File: File Metadata|Process: Process Creation|WMI: WMI Creation,6
T1222,T1222.002,Linux and Mac Permissions (T1222.002),defense-impairment,Command: Command Execution|File: File Metadata|File: File Modification|Process: Process Creation,4
T1480,T1480,Execution Guardrails (T1480),stealth,Command: Command Execution|File: File Access|File: File Creation|Logon Session: Logon Session Creation|Module: Module Load|Network Traffic: Network Connection Creation|Process: Process Creation|Process: Process Modification|User Account: User Account Authentication|WMI: WMI Creation|Windows Registry: Windows Registry Key Modification,11
T1480,T1480.001,Environmental Keying (T1480.001),stealth,Command: Command Execution|File: File Access|Logon Session: Logon Session Creation|Module: Module Load|Network Traffic: Network Connection Creation|Process: Process Access|Process: Process Creation|WMI: WMI Creation,8
T1480,T1480.002,Mutual Exclusion (T1480.002),stealth,File: File Access|File: File Creation|Process: OS API Execution|Process: Process Creation|Process: Process Termination,5
T1482,T1482,Domain Trust Discovery (T1482),discovery,Active Directory: Active Directory Object Access|Command: Command Execution|Module: Module Load|Process: Process Access|Process: Process Creation,5
T1484,T1484,Domain or Tenant Policy Modification (T1484),defense-impairment|privilege-escalation,Active Directory: Active Directory Object Modification|Application Log: Application Log Content|File: File Modification|Process: Process Creation|User Account: User Account Authentication,5
T1484,T1484.001,Group Policy Modification (T1484.001),defense-impairment|privilege-escalation,Active Directory: Active Directory Object Modification|File: File Creation|File: File Modification|Process: Process Creation|User Account: User Account Modification,5
T1484,T1484.002,Trust Modification (T1484.002),defense-impairment|privilege-escalation,Active Directory: Active Directory Object Modification|Application Log: Application Log Content|Command: Command Execution|Process: Process Creation|User Account: User Account Modification,5
T1485,T1485,Data Destruction (T1485),impact,Cloud Storage: Cloud Storage Deletion|Command: Command Execution|File: File Creation|File: File Deletion|Process: Process Creation|Process: Process Termination|Volume: Volume Deletion,7
T1485,T1485.001,Lifecycle-Triggered Deletion (T1485.001),impact,Cloud Storage: Cloud Storage Modification,1
T1486,T1486,Data Encrypted for Impact (T1486),impact,Cloud Storage: Cloud Storage Modification|Command: Command Execution|File: File Creation|File: File Modification|Process: Process Creation,5
T1489,T1489,Service Stop (T1489),impact,File: File Deletion|Logon Session: Logon Session Metadata|Process: Process Creation|Process: Process Termination|Service: Service Creation|Service: Service Metadata,6
T1490,T1490,Inhibit System Recovery (T1490),impact,Cloud Storage: Cloud Storage Deletion|Command: Command Execution|File: File Deletion|Process: Process Creation|Service: Service Metadata|Snapshot: Snapshot Deletion|Windows Registry: Windows Registry Key Modification,7
T1491,T1491,Defacement (T1491),impact,Application Log: Application Log Content|Cloud Storage: Cloud Storage Access|File: File Creation|File: File Modification|Network Traffic: Network Traffic Content|Process: Process Creation,6
T1491,T1491.001,Internal Defacement (T1491.001),impact,Command: Command Execution|File: File Access|File: File Creation|File: File Modification|Process: Process Creation|Script: Script Execution|User Account: User Account Modification,7
T1491,T1491.002,External Defacement (T1491.002),impact,Cloud Storage: Cloud Storage Access|Cloud Storage: Cloud Storage Enumeration|File: File Creation|File: File Modification|Logon Session: Logon Session Metadata|Network Traffic: Network Traffic Content|Process: Process Creation,7
T1495,T1495,Firmware Corruption (T1495),impact,Driver: Driver Load|Firmware: Firmware Modification|Network Traffic: Network Traffic Content|Process: Process Creation,4
T1496,T1496,Resource Hijacking (T1496),impact,Application Log: Application Log Content|Cloud Service: Cloud Service Modification|Instance: Instance Start|Network Traffic: Network Connection Creation|Network Traffic: Network Traffic Content|Network Traffic: Network Traffic Flow|Process: Process Creation|Sensor Health: Host Status,8
T1496,T1496.001,Compute Hijacking (T1496.001),impact,Container: Container Creation|Instance: Instance Start|Network Traffic: Network Connection Creation|Network Traffic: Network Traffic Content|Network Traffic: Network Traffic Flow|Process: Process Creation|Scheduled Job: Scheduled Job Creation|Sensor Health: Host Status,8
T1496,T1496.002,Bandwidth Hijacking (T1496.002),impact,Instance: Instance Start|Network Traffic: Network Connection Creation|Network Traffic: Network Traffic Content|Network Traffic: Network Traffic Flow|Process: Process Creation,5
T1496,T1496.003,SMS Pumping (T1496.003),impact,Application Log: Application Log Content|User Account: User Account Authentication,2
T1496,T1496.004,Cloud Service Hijacking (T1496.004),impact,Application Log: Application Log Content|Cloud Service: Cloud Service Modification|User Account: User Account Metadata,3
T1497,T1497,Virtualization/Sandbox Evasion (T1497),stealth|discovery,Command: Command Execution|Module: Module Load|Process: Process Creation,3
T1497,T1497.001,System Checks (T1497.001),stealth|discovery,Module: Module Load|Process: Process Access|Process: Process Creation,3
T1497,T1497.002,User Activity Based Checks (T1497.002),stealth|discovery,Command: Command Execution|File: File Access|Logon Session: Logon Session Metadata|Process: OS API Execution|Process: Process Access|Process: Process Creation,6
T1497,T1497.003,Time Based Checks (T1497.003),stealth|discovery,File: File Metadata|Module: Module Load|Process: OS API Execution|Process: Process Creation,4
T1498,T1498,Network Denial of Service (T1498),impact,Network Traffic: Network Connection Creation|Network Traffic: Network Traffic Flow|Process: Process Creation,3
T1498,T1498.001,Direct Network Flood (T1498.001),impact,Network Traffic: Network Connection Creation|Network Traffic: Network Traffic Flow|Process: Process Creation|Sensor Health: Host Status,4
T1498,T1498.002,Reflection Amplification (T1498.002),impact,Command: Command Execution|Firewall: Firewall Rule Modification|Network Traffic: Network Connection Creation|Network Traffic: Network Traffic Flow|Process: Process Creation|Sensor Health: Host Status,6
T1499,T1499,Endpoint Denial of Service (T1499),impact,Application Log: Application Log Content|Instance: Instance Start|Network Traffic: Network Traffic Flow|Process: Process Creation|Sensor Health: Host Status,5
T1499,T1499.001,OS Exhaustion Flood (T1499.001),impact,Network Traffic: Network Traffic Content|Network Traffic: Network Traffic Flow|Process: Process Creation|Sensor Health: Host Status,4
T1499,T1499.002,Service Exhaustion Flood (T1499.002),impact,Application Log: Application Log Content|Firewall: Firewall Rule Modification|Network Traffic: Network Connection Creation|Network Traffic: Network Traffic Content|Network Traffic: Network Traffic Flow|Process: Process Access|Sensor Health: Host Status,7
T1499,T1499.003,Application Exhaustion Flood (T1499.003),impact,Application Log: Application Log Content|Cloud Service: Cloud Service Metadata|Network Traffic: Network Traffic Content|Process: Process Creation|Sensor Health: Host Status,5
T1499,T1499.004,Application or System Exploitation (T1499.004),impact,Application Log: Application Log Content|Instance: Instance Stop|Network Traffic: Network Traffic Content|Process: Process Creation|Process: Process Termination|Service: Service Creation,6
T1505,T1505,Server Software Component (T1505),persistence,Application Log: Application Log Content|Command: Command Execution|Network Traffic: Network Traffic Content|Network Traffic: Network Traffic Flow|Process: Process Creation|Scheduled Job: Scheduled Job Creation,6
T1505,T1505.001,SQL Stored Procedures (T1505.001),persistence,Module: Module Load|Process: Process Creation|Script: Script Execution,3
T1505,T1505.002,Transport Agent (T1505.002),persistence,Application Log: Application Log Content|Command: Command Execution|File: File Creation|File: File Modification|Module: Module Load|Process: Process Creation,6
T1505,T1505.003,Web Shell (T1505.003),persistence,File: File Creation|File: File Modification|Logon Session: Logon Session Creation|Network Traffic: Network Traffic Content|Process: Process Creation,5
T1505,T1505.004,IIS Components (T1505.004),persistence,Application Log: Application Log Content|File: File Creation|File: File Modification|Module: Module Load|Process: Process Creation|Service: Service Modification,6
T1505,T1505.005,Terminal Services DLL (T1505.005),persistence,File: File Creation|Module: Module Load|Process: Process Creation|Windows Registry: Windows Registry Key Modification,4
T1505,T1505.006,vSphere Installation Bundles (T1505.006),persistence,Application Log: Application Log Content|Command: Command Execution|File: File Modification,3
T1518,T1518,Software Discovery (T1518),discovery,Application Log: Application Log Content|Cloud Service: Cloud Service Enumeration|Command: Command Execution|Process: Process Creation,4
T1518,T1518.001,Security Software Discovery (T1518.001),discovery,Command: Command Execution|Module: Module Load|Process: Process Creation,3
T1518,T1518.002,Backup Software Discovery (T1518.002),discovery,File: File Access|File: File Creation|Process: Process Creation|Windows Registry: Windows Registry Key Modification,4
T1525,T1525,Implant Internal Image (T1525),persistence,Image: Image Creation|Image: Image Modification|Instance: Instance Start,3
T1526,T1526,Cloud Service Discovery (T1526),discovery,Cloud Service: Cloud Service Enumeration|Logon Session: Logon Session Creation|User Account: User Account Metadata,3
T1528,T1528,Steal Application Access Token (T1528),credential-access,Application Log: Application Log Content|Cloud Service: Cloud Service Enumeration|Cloud Service: Cloud Service Modification|Cloud Storage: Cloud Storage Access|File: File Access|User Account: User Account Authentication,6
T1529,T1529,System Shutdown/Reboot (T1529),impact,Command: Command Execution|Process: Process Creation|Sensor Health: Host Status,3
T1530,T1530,Data from Cloud Storage (T1530),collection,Cloud Storage: Cloud Storage Access|Network Traffic: Network Traffic Content|User Account: User Account Authentication|User Account: User Account Metadata,4
T1531,T1531,Account Access Removal (T1531),impact,Command: Command Execution|Process: Process Creation|User Account: User Account Authentication|User Account: User Account Deletion|User Account: User Account Modification,5
T1534,T1534,Internal Spearphishing (T1534),lateral-movement,Application Log: Application Log Content|Command: Command Execution|Logon Session: Logon Session Creation|Logon Session: Logon Session Metadata|Network Traffic: Network Traffic Content|Process: Process Creation|User Account: User Account Authentication,7
T1535,T1535,Unused/Unsupported Cloud Regions (T1535),stealth,Cloud Storage: Cloud Storage Creation|Instance: Instance Start|Network Traffic: Network Connection Creation|User Account: User Account Metadata,4
T1537,T1537,Transfer Data to Cloud Account (T1537),exfiltration,Application Log: Application Log Content|Cloud Storage: Cloud Storage Metadata|Cloud Storage: Cloud Storage Modification|Network Traffic: Network Traffic Content|Snapshot: Snapshot Creation|Snapshot: Snapshot Metadata|Snapshot: Snapshot Modification,7
T1538,T1538,Cloud Service Dashboard (T1538),discovery,Application Log: Application Log Content|Cloud Storage: Cloud Storage Metadata|Logon Session: Logon Session Creation|User Account: User Account Authentication,4
T1539,T1539,Steal Web Session Cookie (T1539),credential-access,Application Log: Application Log Content|File: File Access|File: File Modification|Logon Session: Logon Session Creation|Process: Process Access|Process: Process Creation|User Account: User Account Authentication,7
T1542,T1542,Pre-OS Boot (T1542),stealth|persistence,Command: Command Execution|Drive: Drive Access|Drive: Drive Modification|File: File Creation|File: File Modification|Firmware: Firmware Modification|Process: Process Creation,7
T1542,T1542.001,System Firmware (T1542.001),stealth|persistence,Drive: Drive Access|Drive: Drive Modification|File: File Creation|Firmware: Firmware Modification|Process: Process Creation,5
T1542,T1542.002,Component Firmware (T1542.002),stealth|persistence,Driver: Driver Load|Firmware: Firmware Modification,2
T1542,T1542.003,Bootkit (T1542.003),stealth|persistence,Drive: Drive Access|Drive: Drive Modification|File: File Creation|File: File Modification,4
T1542,T1542.004,ROMMONkit (T1542.004),stealth|persistence,Firmware: Firmware Modification|Network Traffic: Network Connection Creation|Process: OS API Execution,3
T1542,T1542.005,TFTP Boot (T1542.005),stealth|persistence,Command: Command Execution|Firmware: Firmware Modification|Network Traffic: Network Connection Creation,3
T1543,T1543,Create or Modify System Process (T1543),persistence|privilege-escalation,Command: Command Execution|Container: Container Creation|File: File Modification|Process: Process Creation|Service: Service Creation|Windows Registry: Windows Registry Key Modification,6
T1543,T1543.001,Launch Agent (T1543.001),persistence|privilege-escalation,Command: Command Execution|File: File Creation|File: File Modification|Service: Service Creation,4
T1543,T1543.002,Systemd Service (T1543.002),persistence|privilege-escalation,Command: Command Execution|File: File Creation|File: File Modification|Process: Process Creation|Service: Service Creation,5
T1543,T1543.003,Windows Service (T1543.003),persistence|privilege-escalation,Driver: Driver Load|Process: Process Creation|Service: Service Creation|Windows Registry: Windows Registry Key Modification,4
T1543,T1543.004,Launch Daemon (T1543.004),persistence|privilege-escalation,File: File Creation|File: File Modification|Process: Process Creation|Service: Service Creation,4
T1543,T1543.005,Container Service (T1543.005),persistence|privilege-escalation,Container: Container Creation|Pod: Pod Creation|Process: Process Creation|Service: Service Creation,4
T1546,T1546,Event Triggered Execution (T1546),privilege-escalation|persistence,Cloud Service: Cloud Service Modification|Command: Command Execution|File: File Metadata|File: File Modification|Network Traffic: Network Traffic Content|Process: Process Creation|Scheduled Job: Scheduled Job Creation|Script: Script Execution|WMI: WMI Creation|Windows Registry: Windows Registry Key Modification,10
T1546,T1546.001,Change Default File Association (T1546.001),privilege-escalation|persistence,Logon Session: Logon Session Metadata|Process: Process Creation|Windows Registry: Windows Registry Key Modification,3
T1546,T1546.002,Screensaver (T1546.002),privilege-escalation|persistence,Process: Process Creation|Windows Registry: Windows Registry Key Modification,2
T1546,T1546.003,Windows Management Instrumentation Event Subscription (T1546.003),privilege-escalation|persistence,Module: Module Load|Process: Process Creation|WMI: WMI Creation,3
T1546,T1546.004,Unix Shell Configuration Modification (T1546.004),privilege-escalation|persistence,File: File Modification|Network Traffic: Network Traffic Content|Process: Process Creation,3
T1546,T1546.005,Trap (T1546.005),privilege-escalation|persistence,File: File Access|File: File Modification|Process: Process Creation,3
T1546,T1546.006,LC_LOAD_DYLIB Addition (T1546.006),privilege-escalation|persistence,File: File Metadata|File: File Modification|Module: Module Load,3
T1546,T1546.007,Netsh Helper DLL (T1546.007),privilege-escalation|persistence,Module: Module Load|Process: Process Creation|Windows Registry: Windows Registry Key Modification,3
T1546,T1546.008,Accessibility Features (T1546.008),privilege-escalation|persistence,File: File Creation|File: File Metadata|Process: Process Creation|Windows Registry: Windows Registry Key Modification,4
T1546,T1546.009,AppCert DLLs (T1546.009),privilege-escalation|persistence,Module: Module Load|Process: Process Creation|Windows Registry: Windows Registry Key Modification,3
T1546,T1546.010,AppInit DLLs (T1546.010),privilege-escalation|persistence,Module: Module Load|Process: Process Creation|Windows Registry: Windows Registry Key Modification,3
T1546,T1546.011,Application Shimming (T1546.011),privilege-escalation|persistence,File: File Creation|Module: Module Load|Process: Process Creation|Windows Registry: Windows Registry Key Modification,4
T1546,T1546.012,Image File Execution Options Injection (T1546.012),privilege-escalation|persistence,Process: Process Access|Process: Process Creation|Windows Registry: Windows Registry Key Creation|Windows Registry: Windows Registry Key Modification,4
T1546,T1546.013,PowerShell Profile (T1546.013),privilege-escalation|persistence,Command: Command Execution|File: File Creation|File: File Modification|Process: Process Creation,4
T1546,T1546.014,Emond (T1546.014),privilege-escalation|persistence,Command: Command Execution|File: File Creation|File: File Modification|Process: Process Creation,4
T1546,T1546.015,Component Object Model Hijacking (T1546.015),privilege-escalation|persistence,Module: Module Load|Process: Process Creation|Windows Registry: Windows Registry Key Modification,3
T1546,T1546.016,Installer Packages (T1546.016),privilege-escalation|persistence,File: File Creation|Process: Process Creation,2
T1546,T1546.017,Udev Rules (T1546.017),persistence|privilege-escalation,Command: Command Execution|File: File Modification|Process: Process Creation,3
T1546,T1546.018,Python Startup Hooks (T1546.018),persistence|privilege-escalation,File: File Metadata|File: File Modification|Network Traffic: Network Traffic Content|Process: Process Creation,4
T1547,T1547,Boot or Logon Autostart Execution (T1547),persistence|privilege-escalation,File: File Creation|File: File Modification|Process: Process Creation|Service: Service Metadata|Windows Registry: Windows Registry Key Modification,5
T1547,T1547.001,Registry Run Keys / Startup Folder (T1547.001),persistence|privilege-escalation,File: File Creation|Process: Process Creation|Windows Registry: Windows Registry Key Modification,3
T1547,T1547.002,Authentication Package (T1547.002),persistence|privilege-escalation,Module: Module Load|Windows Registry: Windows Registry Key Modification,2
T1547,T1547.003,Time Providers (T1547.003),persistence|privilege-escalation,File: File Creation|Module: Module Load|Process: Process Creation|Windows Registry: Windows Registry Key Modification,4
T1547,T1547.004,Winlogon Helper DLL (T1547.004),persistence|privilege-escalation,Module: Module Load|Process: Process Creation|Windows Registry: Windows Registry Key Access|Windows Registry: Windows Registry Key Modification,4
T1547,T1547.005,Security Support Provider (T1547.005),persistence|privilege-escalation,Module: Module Load|Process: Process Creation|Windows Registry: Windows Registry Key Modification,3
T1547,T1547.006,Kernel Modules and Extensions (T1547.006),persistence|privilege-escalation,Command: Command Execution|File: File Creation|File: File Modification|Kernel: Kernel Module Load|Process: Process Creation,5
T1547,T1547.007,Re-opened Applications (T1547.007),persistence|privilege-escalation,File: File Metadata|File: File Modification|Logon Session: Logon Session Metadata|Process: Process Creation,4
T1547,T1547.008,LSASS Driver (T1547.008),persistence|privilege-escalation,Driver: Driver Load|File: File Creation|File: File Modification|Module: Module Load|Windows Registry: Windows Registry Key Creation|Windows Registry: Windows Registry Key Modification,6
T1547,T1547.009,Shortcut Modification (T1547.009),persistence|privilege-escalation,File: File Creation|File: File Metadata|File: File Modification|Process: Process Creation,4
T1547,T1547.010,Port Monitors (T1547.010),persistence|privilege-escalation,File: File Creation|Module: Module Load|Process: OS API Execution|Process: Process Creation|Windows Registry: Windows Registry Key Modification,5
T1547,T1547.012,Print Processors (T1547.012),persistence|privilege-escalation,File: File Creation|Module: Module Load|Process: Process Access|Windows Registry: Windows Registry Key Modification,4
T1547,T1547.013,XDG Autostart Entries (T1547.013),persistence|privilege-escalation,File: File Access|File: File Creation|File: File Metadata|Logon Session: Logon Session Creation|Process: Process Creation,5
T1547,T1547.014,Active Setup (T1547.014),persistence|privilege-escalation,Logon Session: Logon Session Metadata|Process: Process Creation|Windows Registry: Windows Registry Key Creation|Windows Registry: Windows Registry Key Modification,4
T1547,T1547.015,Login Items (T1547.015),persistence|privilege-escalation,File: File Modification|Process: OS API Execution|Process: Process Creation|Script: Script Execution,4
T1548,T1548,Abuse Elevation Control Mechanism (T1548),privilege-escalation,File: File Metadata|Logon Session: Logon Session Metadata|Process: OS API Execution|Process: Process Creation|Process: Process Metadata|User Account: User Account Modification|Windows Registry: Windows Registry Key Modification,7
T1548,T1548.001,Setuid and Setgid (T1548.001),privilege-escalation,Command: Command Execution|Process: Process Creation|Process: Process Metadata,3
T1548,T1548.002,Bypass User Account Control (T1548.002),privilege-escalation,Logon Session: Logon Session Metadata|Module: Module Load|Process: Process Access|Process: Process Creation|Windows Registry: Windows Registry Key Modification,5
T1548,T1548.003,Sudo and Sudo Caching (T1548.003),privilege-escalation,Command: Command Execution|File: File Modification|Process: Process Metadata|Process: Process Termination,4
T1548,T1548.004,Elevated Execution with Prompt (T1548.004),privilege-escalation,Process: OS API Execution|Process: Process Creation|User Account: User Account Authentication,3
T1548,T1548.005,Temporary Elevated Cloud Access (T1548.005),privilege-escalation,Application Log: Application Log Content|User Account: User Account Authentication|User Account: User Account Metadata,3
T1548,T1548.006,TCC Manipulation (T1548.006),privilege-escalation,Command: Command Execution|File: File Modification|Process: Process Creation|Sensor Health: Host Status,4
T1550,T1550,Use Alternate Authentication Material (T1550),lateral-movement,Application Log: Application Log Content|Logon Session: Logon Session Creation|Process: Process Creation|User Account: User Account Authentication|User Account: User Account Metadata|Web Credential: Web Credential Usage,6
T1550,T1550.001,Application Access Token (T1550.001),lateral-movement,User Account: User Account Authentication|Web Credential: Web Credential Usage,2
T1550,T1550.002,Pass the Hash (T1550.002),lateral-movement,Active Directory: Active Directory Credential Request|Logon Session: Logon Session Creation|Network Traffic: Network Connection Creation|Process: Process Creation,4
T1550,T1550.003,Pass the Ticket (T1550.003),lateral-movement,Active Directory: Active Directory Credential Request|Logon Session: Logon Session Creation|Module: Module Load|Process: Process Access|User Account: User Account Authentication,5
T1550,T1550.004,Web Session Cookie (T1550.004),lateral-movement,Logon Session: Logon Session Creation|User Account: User Account Authentication|Web Credential: Web Credential Usage,3
T1552,T1552,Unsecured Credentials (T1552),credential-access,Application Log: Application Log Content|Cloud Service: Cloud Service Metadata|Command: Command Execution|File: File Access|File: File Creation|Network Traffic: Network Traffic Content|Process: Process Creation|User Account: User Account Authentication|Windows Registry: Windows Registry Key Modification,9
T1552,T1552.001,Credentials In Files (T1552.001),credential-access,Command: Command Execution|File: File Access|File: File Creation|Logon Session: Logon Session Creation|Network Traffic: Network Connection Creation|Process: Process Creation,6
T1552,T1552.002,Credentials in Registry (T1552.002),credential-access,Process: Process Creation|Windows Registry: Windows Registry Key Access|Windows Registry: Windows Registry Key Modification,3
T1552,T1552.003,Shell History (T1552.003),credential-access,File: File Access|File: File Creation|Process: Process Creation|Process: Process Metadata,4
T1552,T1552.004,Private Keys (T1552.004),credential-access,Command: Command Execution|File: File Access|File: File Creation|Network Share: Network Share Access|Process: Process Creation,5
T1552,T1552.005,Cloud Instance Metadata API (T1552.005),credential-access,Cloud Service: Cloud Service Metadata|Network Traffic: Network Connection Creation|Network Traffic: Network Traffic Content,3
T1552,T1552.006,Group Policy Preferences (T1552.006),credential-access,File: File Creation|Network Share: Network Share Access|Process: Process Creation|Script: Script Execution,4
T1552,T1552.007,Container API (T1552.007),credential-access,Application Log: Application Log Content|Command: Command Execution|Process: Process Creation|User Account: User Account Authentication,4
T1552,T1552.008,Chat Messages (T1552.008),credential-access,Application Log: Application Log Content|User Account: User Account Authentication,2
T1553,T1553,Subvert Trust Controls (T1553),defense-impairment,Command: Command Execution|File: File Creation|File: File Metadata|Process: Process Creation|Windows Registry: Windows Registry Key Modification,5
T1553,T1553.001,Gatekeeper Bypass (T1553.001),defense-impairment,File: File Metadata|File: File Modification|Process: Process Creation,3
T1553,T1553.002,Code Signing (T1553.002),defense-impairment,File: File Metadata|Module: Module Load|Process: Process Creation,3
T1553,T1553.003,SIP and Trust Provider Hijacking (T1553.003),defense-impairment,File: File Modification|Module: Module Load|Windows Registry: Windows Registry Key Modification,3
T1553,T1553.004,Install Root Certificate (T1553.004),defense-impairment,Command: Command Execution|File: File Modification|Process: Process Creation|Windows Registry: Windows Registry Key Creation|Windows Registry: Windows Registry Key Modification,5
T1553,T1553.005,Mark-of-the-Web Bypass (T1553.005),defense-impairment,File: File Access|File: File Creation|File: File Metadata,3
T1553,T1553.006,Code Signing Policy Modification (T1553.006),defense-impairment,Command: Command Execution|Process: Process Creation|Windows Registry: Windows Registry Key Modification,3
T1554,T1554,Compromise Host Software Binary (T1554),persistence,File: File Creation|File: File Modification|Module: Module Load|Process: Process Creation,4
T1555,T1555,Credentials from Password Stores (T1555),credential-access,Cloud Service: Cloud Service Enumeration|File: File Access|Process: OS API Execution|Process: Process Access|Process: Process Creation,5
T1555,T1555.001,Keychain (T1555.001),credential-access,File: File Access|Process: OS API Execution|Process: Process Creation,3
T1555,T1555.002,Securityd Memory (T1555.002),credential-access,Command: Command Execution|File: File Access|Process: Process Access|Process: Process Creation,4
T1555,T1555.003,Credentials from Web Browsers (T1555.003),credential-access,File: File Access|Process: Process Access|Process: Process Creation,3
T1555,T1555.004,Windows Credential Manager (T1555.004),credential-access,File: File Metadata|Process: Process Access|Process: Process Creation,3
T1555,T1555.005,Password Managers (T1555.005),credential-access,File: File Access|File: File Metadata|Process: Process Access|Process: Process Creation,4
T1555,T1555.006,Cloud Secrets Management Stores (T1555.006),credential-access,Cloud Service: Cloud Service Enumeration,1
T1556,T1556,Modify Authentication Process (T1556),defense-impairment|persistence|credential-access,Cloud Service: Cloud Service Modification|File: File Modification|Module: Module Load|Process: Process Access|Process: Process Creation|User Account: User Account Modification|Windows Registry: Windows Registry Key Modification,7
T1556,T1556.001,Domain Controller Authentication (T1556.001),defense-impairment|persistence|credential-access,File: File Modification|Logon Session: Logon Session Creation|Module: Module Load|Process: Process Access,4
T1556,T1556.002,Password Filter DLL (T1556.002),defense-impairment|persistence|credential-access,File: File Creation|Module: Module Load|Windows Registry: Windows Registry Key Modification,3
T1556,T1556.003,Pluggable Authentication Modules (T1556.003),defense-impairment|persistence|credential-access,File: File Modification|Logon Session: Logon Session Creation|Process: Process Creation,3
T1556,T1556.004,Network Device Authentication (T1556.004),defense-impairment|persistence|credential-access,File: File Modification|User Account: User Account Authentication,2
T1556,T1556.005,Reversible Encryption (T1556.005),defense-impairment|persistence|credential-access,Active Directory: Active Directory Object Modification|Command: Command Execution|Process: Process Creation,3
T1556,T1556.006,Multi-Factor Authentication (T1556.006),defense-impairment|persistence|credential-access,Active Directory: Active Directory Object Modification|Application Log: Application Log Content|Cloud Service: Cloud Service Modification|File: File Modification|Script: Script Execution|User Account: User Account Authentication|User Account: User Account Modification,7
T1556,T1556.007,Hybrid Identity (T1556.007),defense-impairment|persistence|credential-access,Active Directory: Active Directory Object Modification|Application Log: Application Log Content|Cloud Service: Cloud Service Modification|Logon Session: Logon Session Creation|Module: Module Load|User Account: User Account Modification,6
T1556,T1556.008,Network Provider DLL (T1556.008),defense-impairment|persistence|credential-access,File: File Creation|Module: Module Load|Process: Process Access|Windows Registry: Windows Registry Key Modification,4
T1556,T1556.009,Conditional Access Policies (T1556.009),defense-impairment|persistence|credential-access,Active Directory: Active Directory Object Modification|Application Log: Application Log Content|Cloud Service: Cloud Service Modification,3
T1557,T1557,Adversary-in-the-Middle (T1557),credential-access|collection,Application Log: Application Log Content|File: File Modification|Network Traffic: Network Connection Creation|Network Traffic: Network Traffic Content|Network Traffic: Network Traffic Flow|Windows Registry: Windows Registry Key Modification,6
T1557,T1557.001,Name Resolution Poisoning and SMB Relay (T1557.001),credential-access|collection,Network Traffic: Network Traffic Content|Network Traffic: Network Traffic Flow|Service: Service Creation|Windows Registry: Windows Registry Key Modification,4
T1557,T1557.002,ARP Cache Poisoning (T1557.002),credential-access|collection,Network Traffic: Network Connection Creation|Network Traffic: Network Traffic Content|Network Traffic: Network Traffic Flow,3
T1557,T1557.003,DHCP Spoofing (T1557.003),credential-access|collection,Application Log: Application Log Content|Network Traffic: Network Traffic Content|Network Traffic: Network Traffic Flow,3
T1557,T1557.004,Evil Twin (T1557.004),credential-access|collection,Application Log: Application Log Content|Network Traffic: Network Traffic Content|Network Traffic: Network Traffic Flow,3
T1558,T1558,Steal or Forge Kerberos Tickets (T1558),credential-access,Active Directory: Active Directory Credential Request|File: File Access|Logon Session: Logon Session Metadata|Process: Process Access,4
T1558,T1558.001,Golden Ticket (T1558.001),credential-access,Active Directory: Active Directory Credential Request|Logon Session: Logon Session Metadata|Process: Process Access,3
T1558,T1558.002,Silver Ticket (T1558.002),credential-access,Active Directory: Active Directory Credential Request|Logon Session: Logon Session Metadata|Process: Process Access,3
T1558,T1558.003,Kerberoasting (T1558.003),credential-access,Active Directory: Active Directory Credential Request|Logon Session: Logon Session Creation|Logon Session: Logon Session Metadata|Process: Process Access,4
T1558,T1558.004,AS-REP Roasting (T1558.004),credential-access,Active Directory: Active Directory Credential Request|Process: Process Creation,2
T1558,T1558.005,Ccache Files (T1558.005),credential-access,File: File Access|Process: Process Creation,2
T1559,T1559,Inter-Process Communication (T1559),execution,File: File Access|Named Pipe: Named Pipe Metadata|Process: Process Access|Process: Process Creation|Script: Script Execution,5
T1559,T1559.001,Component Object Model (T1559.001),execution,Module: Module Load|Process: Process Creation|Windows Registry: Windows Registry Key Access,3
T1559,T1559.002,Dynamic Data Exchange (T1559.002),execution,Module: Module Load|Process: Process Creation|Windows Registry: Windows Registry Key Access,3
T1559,T1559.003,XPC Services (T1559.003),execution,Named Pipe: Named Pipe Metadata|Process: Process Access|Process: Process Creation,3
T1560,T1560,Archive Collected Data (T1560),collection,Command: Command Execution|File: File Creation|Module: Module Load|Process: Process Creation,4
T1560,T1560.001,Archive via Utility (T1560.001),collection,Command: Command Execution|File: File Creation|Module: Module Load|Process: Process Creation,4
T1560,T1560.002,Archive via Library (T1560.002),collection,Command: Command Execution|File: File Creation|Module: Module Load|Process: Process Creation,4
T1560,T1560.003,Archive via Custom Method (T1560.003),collection,Command: Command Execution|File: File Creation|Process: Process Access|Process: Process Creation|Process: Process Modification,5
T1561,T1561,Disk Wipe (T1561),impact,Command: Command Execution|Drive: Drive Access|Drive: Drive Modification|Driver: Driver Load|Process: Process Creation|User Account: User Account Authentication|User Account: User Account Metadata,7
T1561,T1561.001,Disk Content Wipe (T1561.001),impact,Command: Command Execution|Drive: Drive Access|Drive: Drive Modification|Driver: Driver Load|Process: Process Creation|User Account: User Account Authentication|User Account: User Account Metadata,7
T1561,T1561.002,Disk Structure Wipe (T1561.002),impact,Command: Command Execution|Drive: Drive Access|Drive: Drive Modification|Driver: Driver Load|Process: Process Creation|User Account: User Account Authentication|User Account: User Account Metadata,7
T1563,T1563,Remote Service Session Hijacking (T1563),lateral-movement,Command: Command Execution|Logon Session: Logon Session Creation|Network Traffic: Network Connection Creation|Network Traffic: Network Traffic Content|Network Traffic: Network Traffic Flow|Process: Process Creation,6
T1563,T1563.001,SSH Hijacking (T1563.001),lateral-movement,Logon Session: Logon Session Creation|Network Traffic: Network Connection Creation|Process: Process Creation|Process: Process Metadata,4
T1563,T1563.002,RDP Hijacking (T1563.002),lateral-movement,Logon Session: Logon Session Creation|Network Traffic: Network Connection Creation|Process: Process Creation|Service: Service Creation,4
T1564,T1564,Hide Artifacts (T1564),stealth,Application Log: Application Log Content|Command: Command Execution|File: File Creation|File: File Metadata|Process: Process Creation|Windows Registry: Windows Registry Key Modification,6
T1564,T1564.001,Hidden Files and Directories (T1564.001),stealth,Command: Command Execution|File: File Creation|File: File Metadata|Process: Process Creation,4
T1564,T1564.002,Hidden Users (T1564.002),stealth,Command: Command Execution|File: File Modification|User Account: User Account Creation|User Account: User Account Metadata|Windows Registry: Windows Registry Key Modification,5
T1564,T1564.003,Hidden Window (T1564.003),stealth,Command: Command Execution|File: File Modification|Process: Process Creation|Process: Process Metadata|Windows Registry: Windows Registry Key Modification,5
T1564,T1564.004,NTFS File Attributes (T1564.004),stealth,File: File Creation|File: File Metadata|Process: OS API Execution|Process: Process Creation,4
T1564,T1564.005,Hidden File System (T1564.005),stealth,Command: Command Execution|File: File Modification|Firmware: Firmware Modification|Process: Process Creation|Windows Registry: Windows Registry Key Modification,5
T1564,T1564.006,Run Virtual Instance (T1564.006),stealth,Command: Command Execution|File: File Creation|File: File Modification|Image: Image Metadata|Process: Process Creation|Service: Service Creation|Windows Registry: Windows Registry Key Modification,7
T1564,T1564.007,VBA Stomping (T1564.007),stealth,File: File Creation|File: File Metadata|Process: Process Creation,3
T1564,T1564.008,Email Hiding Rules (T1564.008),stealth,Application Log: Application Log Content|Command: Command Execution|File: File Modification|Process: Process Creation,4
T1564,T1564.009,Resource Forking (T1564.009),stealth,Command: Command Execution|File: File Metadata|Process: Process Creation,3
T1564,T1564.010,Process Argument Spoofing (T1564.010),stealth,Process: Process Access|Process: Process Creation,2
T1564,T1564.011,Ignore Process Interrupts (T1564.011),stealth,Command: Command Execution|Process: Process Creation,2
T1564,T1564.012,File/Path Exclusions (T1564.012),stealth,File: File Access|File: File Creation|File: File Metadata|Process: Process Creation,4
T1564,T1564.013,Bind Mounts (T1564.013),stealth,File: File Creation|Process: OS API Execution|Process: Process Metadata,3
T1564,T1564.014,Extended Attributes (T1564.014),stealth,Command: Command Execution|File: File Metadata,2
T1565,T1565,Data Manipulation (T1565),impact,File: File Access|File: File Creation|File: File Metadata|File: File Modification|Network Traffic: Network Traffic Content|Process: OS API Execution,6
T1565,T1565.001,Stored Data Manipulation (T1565.001),impact,File: File Creation|File: File Deletion|File: File Metadata|File: File Modification,4
T1565,T1565.002,Transmitted Data Manipulation (T1565.002),impact,File: File Metadata|Network Traffic: Network Connection Creation|Network Traffic: Network Traffic Content|Network Traffic: Network Traffic Flow|Process: OS API Execution,5
T1565,T1565.003,Runtime Data Manipulation (T1565.003),impact,File: File Creation|File: File Metadata|File: File Modification|Process: OS API Execution|Windows Registry: Windows Registry Key Modification,5
T1566,T1566,Phishing (T1566),initial-access,Application Log: Application Log Content|File: File Creation|Logon Session: Logon Session Creation|Process: Process Creation,4
T1566,T1566.001,Spearphishing Attachment (T1566.001),initial-access,Application Log: Application Log Content|File: File Creation|Network Traffic: Network Connection Creation|Network Traffic: Network Traffic Flow|Process: Process Creation,5
T1566,T1566.002,Spearphishing Link (T1566.002),initial-access,Application Log: Application Log Content|Network Traffic: Network Connection Creation|Network Traffic: Network Traffic Content|Network Traffic: Network Traffic Flow|Process: Process Creation,5
T1566,T1566.003,Spearphishing via Service (T1566.003),initial-access,Application Log: Application Log Content|File: File Creation|Network Traffic: Network Connection Creation|Network Traffic: Network Traffic Content|Network Traffic: Network Traffic Flow|Process: Process Creation,6
T1566,T1566.004,Spearphishing Voice (T1566.004),initial-access,Application Log: Application Log Content,1
T1567,T1567,Exfiltration Over Web Service (T1567),exfiltration,Application Log: Application Log Content|Command: Command Execution|File: File Access|File: File Creation|Network Traffic: Network Connection Creation|Network Traffic: Network Traffic Content|Network Traffic: Network Traffic Flow|Process: Process Creation,8
T1567,T1567.001,Exfiltration to Code Repository (T1567.001),exfiltration,Command: Command Execution|File: File Access|Network Traffic: Network Connection Creation|Network Traffic: Network Traffic Content|Network Traffic: Network Traffic Flow|Process: Process Creation,6
T1567,T1567.002,Exfiltration to Cloud Storage (T1567.002),exfiltration,Command: Command Execution|File: File Access|Network Traffic: Network Connection Creation|Network Traffic: Network Traffic Content|Network Traffic: Network Traffic Flow|Process: Process Creation,6
T1567,T1567.003,Exfiltration to Text Storage Sites (T1567.003),exfiltration,Command: Command Execution|File: File Access|Network Traffic: Network Connection Creation|Network Traffic: Network Traffic Content|Network Traffic: Network Traffic Flow|Process: Process Creation,6
T1567,T1567.004,Exfiltration Over Webhook (T1567.004),exfiltration,Application Log: Application Log Content|Command: Command Execution|File: File Access|Network Traffic: Network Connection Creation|Network Traffic: Network Traffic Content|Network Traffic: Network Traffic Flow|Process: Process Creation,7
T1568,T1568,Dynamic Resolution (T1568),command-and-control,Network Traffic: Network Connection Creation|Network Traffic: Network Traffic Content|Network Traffic: Network Traffic Flow|Process: Process Creation,4
T1568,T1568.001,Fast Flux DNS (T1568.001),command-and-control,Network Traffic: Network Connection Creation|Network Traffic: Network Traffic Flow|Process: Process Creation,3
T1568,T1568.002,Domain Generation Algorithms (T1568.002),command-and-control,Network Traffic: Network Connection Creation|Network Traffic: Network Traffic Content|Network Traffic: Network Traffic Flow|Process: Process Creation,4
T1568,T1568.003,DNS Calculation (T1568.003),command-and-control,Network Traffic: Network Connection Creation|Network Traffic: Network Traffic Content|Network Traffic: Network Traffic Flow|Process: Process Creation,4
T1569,T1569,System Services (T1569),execution,File: File Modification|Process: Process Creation|Service: Service Creation|Windows Registry: Windows Registry Key Modification,4
T1569,T1569.001,Launchctl (T1569.001),execution,Command: Command Execution|File: File Modification|Process: Process Creation|Service: Service Creation,4
T1569,T1569.002,Service Execution (T1569.002),execution,Network Traffic: Network Connection Creation|Process: Process Creation|Service: Service Creation|Windows Registry: Windows Registry Key Modification,4
T1569,T1569.003,Systemctl (T1569.003),execution,Command: Command Execution|File: File Modification|Process: Process Creation|Service: Service Creation,4
T1570,T1570,Lateral Tool Transfer (T1570),lateral-movement,Command: Command Execution|File: File Creation|File: File Metadata|Network Share: Network Share Access|Process: Process Creation,5
T1571,T1571,Non-Standard Port (T1571),command-and-control,Application Log: Application Log Content|Network Traffic: Network Connection Creation|Network Traffic: Network Traffic Content|Network Traffic: Network Traffic Flow|Process: Process Creation,5
T1572,T1572,Protocol Tunneling (T1572),command-and-control,Application Log: Application Log Content|Network Traffic: Network Connection Creation|Network Traffic: Network Traffic Content|Network Traffic: Network Traffic Flow|Process: Process Creation,5
T1573,T1573,Encrypted Channel (T1573),command-and-control,Application Log: Application Log Content|Module: Module Load|Network Traffic: Network Connection Creation|Network Traffic: Network Traffic Content|Network Traffic: Network Traffic Flow|Process: Process Creation,6
T1573,T1573.001,Symmetric Cryptography (T1573.001),command-and-control,Application Log: Application Log Content|Module: Module Load|Network Traffic: Network Connection Creation|Network Traffic: Network Traffic Content|Network Traffic: Network Traffic Flow|Process: Process Creation,6
T1573,T1573.002,Asymmetric Cryptography (T1573.002),command-and-control,Application Log: Application Log Content|Module: Module Load|Network Traffic: Network Connection Creation|Network Traffic: Network Traffic Content|Network Traffic: Network Traffic Flow|Process: Process Creation,6
T1574,T1574,Hijack Execution Flow (T1574),stealth|execution,File: File Creation|File: File Modification|Module: Module Load|Process: Process Creation|Service: Service Metadata|Windows Registry: Windows Registry Key Modification,6
T1574,T1574.001,DLL (T1574.001),stealth|execution,File: File Creation|File: File Metadata|Module: Module Load|Process: Process Creation|Windows Registry: Windows Registry Key Modification,5
T1574,T1574.004,Dylib Hijacking (T1574.004),stealth|execution,File: File Creation|File: File Modification|Module: Module Load,3
T1574,T1574.005,Executable Installer File Permissions Weakness (T1574.005),stealth|execution,File: File Creation|File: File Metadata|Module: Module Load|Process: Process Creation,4
T1574,T1574.006,Dynamic Linker Hijacking (T1574.006),stealth|execution,File: File Creation|File: File Modification|Module: Module Load|Process: Process Creation|Process: Process Metadata,5
T1574,T1574.007,Path Interception by PATH Environment Variable (T1574.007),stealth|execution,File: File Creation|File: File Modification|Process: Process Creation|Windows Registry: Windows Registry Key Modification,4
T1574,T1574.008,Path Interception by Search Order Hijacking (T1574.008),stealth|execution,File: File Creation|File: File Metadata|Process: Process Creation,3
T1574,T1574.009,Path Interception by Unquoted Path (T1574.009),stealth|execution,File: File Creation|File: File Metadata|Process: Process Creation|Windows Registry: Windows Registry Key Modification,4
T1574,T1574.010,Services File Permissions Weakness (T1574.010),stealth|execution,File: File Creation|File: File Metadata|Process: Process Creation|Service: Service Creation,4
T1574,T1574.011,Services Registry Permissions Weakness (T1574.011),stealth|execution,Process: Process Creation|Service: Service Modification|Windows Registry: Windows Registry Key Modification,3
T1574,T1574.012,COR_PROFILER (T1574.012),stealth|execution,File: File Creation|Module: Module Load|Process: Process Creation|Windows Registry: Windows Registry Key Modification,4
T1574,T1574.013,KernelCallbackTable (T1574.013),stealth|execution,Process: OS API Execution|Process: Process Access|Process: Process Creation,3
T1574,T1574.014,AppDomainManager (T1574.014),stealth|execution,File: File Creation|Module: Module Load|Process: Process Creation,3
T1578,T1578,Modify Cloud Compute Infrastructure (T1578),defense-impairment,Cloud Service: Cloud Service Metadata|Instance: Instance Start|Instance: Instance Stop|Snapshot: Snapshot Creation|Snapshot: Snapshot Deletion|Snapshot: Snapshot Modification|Volume: Volume Creation|Volume: Volume Deletion|Volume: Volume Modification,9
T1578,T1578.001,Create Snapshot (T1578.001),defense-impairment,Snapshot: Snapshot Creation|Snapshot: Snapshot Metadata,2
T1578,T1578.002,Create Cloud Instance (T1578.002),defense-impairment,Instance: Instance Creation|Instance: Instance Metadata|Instance: Instance Start,3
T1578,T1578.003,Delete Cloud Instance (T1578.003),defense-impairment,Instance: Instance Deletion|Instance: Instance Metadata|Instance: Instance Stop,3
T1578,T1578.004,Revert Cloud Instance (T1578.004),defense-impairment,Instance: Instance Modification|Instance: Instance Start|Instance: Instance Stop,3
T1578,T1578.005,Modify Cloud Compute Configurations (T1578.005),defense-impairment,Cloud Service: Cloud Service Modification,1
T1580,T1580,Cloud Infrastructure Discovery (T1580),discovery,Cloud Storage: Cloud Storage Enumeration|Instance: Instance Enumeration|Instance: Instance Metadata,3
T1583,T1583,Acquire Infrastructure (T1583),resource-development,Domain Name: Active DNS|Domain Name: Domain Registration|Domain Name: Passive DNS|Internet Scan: Response Content|Internet Scan: Response Metadata,5
T1583,T1583.001,Domains (T1583.001),resource-development,Domain Name: Active DNS|Domain Name: Domain Registration|Domain Name: Passive DNS,3
T1583,T1583.002,DNS Server (T1583.002),resource-development,,0
T1583,T1583.003,Virtual Private Server (T1583.003),resource-development,Internet Scan: Response Content|Internet Scan: Response Metadata,2
T1583,T1583.004,Server (T1583.004),resource-development,Internet Scan: Response Content|Internet Scan: Response Metadata,2
T1583,T1583.005,Botnet (T1583.005),resource-development,,0
T1583,T1583.006,Web Services (T1583.006),resource-development,Internet Scan: Response Content,1
T1583,T1583.007,Serverless (T1583.007),resource-development,Internet Scan: Response Content,1
T1583,T1583.008,Malvertising (T1583.008),resource-development,Internet Scan: Response Content,1
T1584,T1584,Compromise Infrastructure (T1584),resource-development,Domain Name: Active DNS|Domain Name: Domain Registration|Domain Name: Passive DNS|Internet Scan: Response Content|Internet Scan: Response Metadata,5
T1584,T1584.001,Domains (T1584.001),resource-development,Domain Name: Active DNS|Domain Name: Domain Registration|Domain Name: Passive DNS,3
T1584,T1584.002,DNS Server (T1584.002),resource-development,Domain Name: Active DNS|Domain Name: Passive DNS,2
T1584,T1584.003,Virtual Private Server (T1584.003),resource-development,Internet Scan: Response Content|Internet Scan: Response Metadata,2
T1584,T1584.004,Server (T1584.004),resource-development,Internet Scan: Response Content|Internet Scan: Response Metadata,2
T1584,T1584.005,Botnet (T1584.005),resource-development,,0
T1584,T1584.006,Web Services (T1584.006),resource-development,Internet Scan: Response Content,1
T1584,T1584.007,Serverless (T1584.007),resource-development,Internet Scan: Response Content,1
T1584,T1584.008,Network Devices (T1584.008),resource-development,Internet Scan: Response Content,1
T1585,T1585,Establish Accounts (T1585),resource-development,Network Traffic: Network Traffic Content|Persona: Social Media,2
T1585,T1585.001,Social Media Accounts (T1585.001),resource-development,Network Traffic: Network Traffic Content|Persona: Social Media,2
T1585,T1585.002,Email Accounts (T1585.002),resource-development,,0
T1585,T1585.003,Cloud Accounts (T1585.003),resource-development,,0
T1586,T1586,Compromise Accounts (T1586),resource-development,Network Traffic: Network Traffic Content|Persona: Social Media,2
T1586,T1586.001,Social Media Accounts (T1586.001),resource-development,Network Traffic: Network Traffic Content|Persona: Social Media,2
T1586,T1586.002,Email Accounts (T1586.002),resource-development,,0
T1586,T1586.003,Cloud Accounts (T1586.003),resource-development,,0
T1587,T1587,Develop Capabilities (T1587),resource-development,Internet Scan: Response Content|Malware Repository: Malware Content|Malware Repository: Malware Metadata,3
T1587,T1587.001,Malware (T1587.001),resource-development,Malware Repository: Malware Content|Malware Repository: Malware Metadata,2
T1587,T1587.002,Code Signing Certificates (T1587.002),resource-development,Malware Repository: Malware Metadata,1
T1587,T1587.003,Digital Certificates (T1587.003),resource-development,Internet Scan: Response Content,1
T1587,T1587.004,Exploits (T1587.004),resource-development,,0
T1588,T1588,Obtain Capabilities (T1588),resource-development,Certificate: Certificate Registration|Internet Scan: Response Content|Malware Repository: Malware Content|Malware Repository: Malware Metadata,4
T1588,T1588.001,Malware (T1588.001),resource-development,Malware Repository: Malware Content|Malware Repository: Malware Metadata,2
T1588,T1588.002,Tool (T1588.002),resource-development,Malware Repository: Malware Metadata,1
T1588,T1588.003,Code Signing Certificates (T1588.003),resource-development,Malware Repository: Malware Metadata,1
T1588,T1588.004,Digital Certificates (T1588.004),resource-development,Certificate: Certificate Registration|Internet Scan: Response Content,2
T1588,T1588.005,Exploits (T1588.005),resource-development,,0
T1588,T1588.006,Vulnerabilities (T1588.006),resource-development,,0
T1588,T1588.007,Artificial Intelligence (T1588.007),resource-development,,0
T1589,T1589,Gather Victim Identity Information (T1589),reconnaissance,Network Traffic: Network Traffic Content,1
T1589,T1589.001,Credentials (T1589.001),reconnaissance,,0
T1589,T1589.002,Email Addresses (T1589.002),reconnaissance,Network Traffic: Network Traffic Content,1
T1589,T1589.003,Employee Names (T1589.003),reconnaissance,,0
T1590,T1590,Gather Victim Network Information (T1590),reconnaissance,,0
T1590,T1590.001,Domain Properties (T1590.001),reconnaissance,,0
T1590,T1590.002,DNS (T1590.002),reconnaissance,,0
T1590,T1590.003,Network Trust Dependencies (T1590.003),reconnaissance,,0
T1590,T1590.004,Network Topology (T1590.004),reconnaissance,,0
T1590,T1590.005,IP Addresses (T1590.005),reconnaissance,,0
T1590,T1590.006,Network Security Appliances (T1590.006),reconnaissance,,0
T1591,T1591,Gather Victim Org Information (T1591),reconnaissance,,0
T1591,T1591.001,Determine Physical Locations (T1591.001),reconnaissance,,0
T1591,T1591.002,Business Relationships (T1591.002),reconnaissance,,0
T1591,T1591.003,Identify Business Tempo (T1591.003),reconnaissance,,0
T1591,T1591.004,Identify Roles (T1591.004),reconnaissance,,0
T1592,T1592,Gather Victim Host Information (T1592),reconnaissance,Internet Scan: Response Content,1
T1592,T1592.001,Hardware (T1592.001),reconnaissance,Internet Scan: Response Content,1
T1592,T1592.002,Software (T1592.002),reconnaissance,Internet Scan: Response Content,1
T1592,T1592.003,Firmware (T1592.003),reconnaissance,,0
T1592,T1592.004,Client Configurations (T1592.004),reconnaissance,Internet Scan: Response Content,1
T1593,T1593,Search Open Websites/Domains (T1593),reconnaissance,,0
T1593,T1593.001,Social Media (T1593.001),reconnaissance,,0
T1593,T1593.002,Search Engines (T1593.002),reconnaissance,,0
T1593,T1593.003,Code Repositories (T1593.003),reconnaissance,,0
T1594,T1594,Search Victim-Owned Websites (T1594),reconnaissance,Application Log: Application Log Content,1
T1595,T1595,Active Scanning (T1595),reconnaissance,Network Traffic: Network Traffic Content|Network Traffic: Network Traffic Flow,2
T1595,T1595.001,Scanning IP Blocks (T1595.001),reconnaissance,Network Traffic: Network Traffic Content|Network Traffic: Network Traffic Flow,2
T1595,T1595.002,Vulnerability Scanning (T1595.002),reconnaissance,Network Traffic: Network Traffic Content|Network Traffic: Network Traffic Flow,2
T1595,T1595.003,Wordlist Scanning (T1595.003),reconnaissance,Network Traffic: Network Traffic Content,1
T1596,T1596,Search Open Technical Databases (T1596),reconnaissance,,0
T1596,T1596.001,DNS/Passive DNS (T1596.001),reconnaissance,,0
T1596,T1596.002,WHOIS (T1596.002),reconnaissance,,0
T1596,T1596.003,Digital Certificates (T1596.003),reconnaissance,,0
T1596,T1596.004,CDNs (T1596.004),reconnaissance,,0
T1596,T1596.005,Scan Databases (T1596.005),reconnaissance,,0
T1597,T1597,Search Closed Sources (T1597),reconnaissance,,0
T1597,T1597.001,Threat Intel Vendors (T1597.001),reconnaissance,,0
T1597,T1597.002,Purchase Technical Data (T1597.002),reconnaissance,,0
T1598,T1598,Phishing for Information (T1598),reconnaissance,Application Log: Application Log Content|Network Traffic: Network Traffic Content|Network Traffic: Network Traffic Flow,3
T1598,T1598.001,Spearphishing Service (T1598.001),reconnaissance,Application Log: Application Log Content|Network Traffic: Network Traffic Content|Network Traffic: Network Traffic Flow,3
T1598,T1598.002,Spearphishing Attachment (T1598.002),reconnaissance,Application Log: Application Log Content|Network Traffic: Network Traffic Content|Network Traffic: Network Traffic Flow,3
T1598,T1598.003,Spearphishing Link (T1598.003),reconnaissance,Application Log: Application Log Content|Network Traffic: Network Traffic Content|Network Traffic: Network Traffic Flow,3
T1598,T1598.004,Spearphishing Voice (T1598.004),reconnaissance,Application Log: Application Log Content,1
T1599,T1599,Network Boundary Bridging (T1599),defense-impairment,Network Traffic: Network Traffic Content|Network Traffic: Network Traffic Flow,2
T1599,T1599.001,Network Address Translation Traversal (T1599.001),defense-impairment,Network Traffic: Network Traffic Content|Network Traffic: Network Traffic Flow,2
T1600,T1600,Weaken Encryption (T1600),defense-impairment,File: File Modification|Module: Module Load|Network Traffic: Network Traffic Content,3
T1600,T1600.001,Reduce Key Space (T1600.001),defense-impairment,Command: Command Execution|File: File Modification|Network Traffic: Network Traffic Content,3
T1600,T1600.002,Disable Crypto Hardware (T1600.002),defense-impairment,Command: Command Execution|File: File Modification|Network Traffic: Network Traffic Content,3
T1601,T1601,Modify System Image (T1601),defense-impairment,Command: Command Execution|File: File Modification,2
T1601,T1601.001,Patch System Image (T1601.001),defense-impairment,Command: Command Execution|File: File Modification|Firmware: Firmware Modification,3
T1601,T1601.002,Downgrade System Image (T1601.002),defense-impairment,Command: Command Execution|File: File Metadata|File: File Modification,3
T1602,T1602,Data from Configuration Repository (T1602),collection,Network Traffic: Network Connection Creation|Network Traffic: Network Traffic Content,2
T1602,T1602.001,SNMP (MIB Dump) (T1602.001),collection,File: File Modification|Network Traffic: Network Connection Creation|Network Traffic: Network Traffic Content,3
T1602,T1602.002,Network Device Configuration Dump (T1602.002),collection,Command: Command Execution|Network Traffic: Network Connection Creation|Network Traffic: Network Traffic Content|User Account: User Account Authentication,4
T1606,T1606,Forge Web Credentials (T1606),credential-access,File: File Access|Logon Session: Logon Session Creation|Network Traffic: Network Traffic Content|Process: Process Access|Web Credential: Web Credential Creation|Web Credential: Web Credential Usage,6
T1606,T1606.001,Web Cookies (T1606.001),credential-access,File: File Access|File: File Creation|Logon Session: Logon Session Creation|Network Traffic: Network Connection Creation|Web Credential: Web Credential Usage,5
T1606,T1606.002,SAML Tokens (T1606.002),credential-access,Logon Session: Logon Session Creation|Logon Session: Logon Session Metadata|User Account: User Account Authentication|Web Credential: Web Credential Creation|Web Credential: Web Credential Usage,5
T1608,T1608,Stage Capabilities (T1608),resource-development,Internet Scan: Response Content,1
T1608,T1608.001,Upload Malware (T1608.001),resource-development,Internet Scan: Response Content,1
T1608,T1608.002,Upload Tool (T1608.002),resource-development,Internet Scan: Response Content,1
T1608,T1608.003,Install Digital Certificate (T1608.003),resource-development,Internet Scan: Response Content,1
T1608,T1608.004,Drive-by Target (T1608.004),resource-development,Internet Scan: Response Content,1
T1608,T1608.005,Link Target (T1608.005),resource-development,Internet Scan: Response Content,1
T1608,T1608.006,SEO Poisoning (T1608.006),resource-development,Internet Scan: Response Content,1
T1609,T1609,Container Administration Command (T1609),execution,Command: Command Execution|Process: Process Creation,2
T1610,T1610,Deploy Container (T1610),execution,Application Log: Application Log Content|Container: Container Start|Network Traffic: Network Traffic Content|Process: Process Creation,4
T1611,T1611,Escape to Host (T1611),privilege-escalation,Container: Container Creation|File: File Creation|Kernel: Kernel Module Load|Process: OS API Execution|Process: Process Creation|Volume: Volume Modification,6
T1612,T1612,Build Image on Host (T1612),stealth,Image: Image Creation|Network Traffic: Network Connection Creation,2
T1613,T1613,Container and Resource Discovery (T1613),discovery,Container: Container Enumeration|Pod: Pod Enumeration,2
T1614,T1614,System Location Discovery (T1614),discovery,Command: Command Execution|Network Traffic: Network Traffic Content|Process: OS API Execution|Process: Process Creation,4
T1614,T1614.001,System Language Discovery (T1614.001),discovery,Command: Command Execution|Process: OS API Execution|Process: Process Creation|Windows Registry: Windows Registry Key Access,4
T1615,T1615,Group Policy Discovery (T1615),discovery,Active Directory: Active Directory Object Access|Command: Command Execution|Network Traffic: Network Traffic Content|Process: Process Creation,4
T1619,T1619,Cloud Storage Object Discovery (T1619),discovery,Cloud Storage: Cloud Storage Access|Cloud Storage: Cloud Storage Enumeration,2
T1620,T1620,Reflective Code Loading (T1620),stealth,Module: Module Load|Process: OS API Execution|Process: Process Access|Process: Process Creation|Script: Script Execution,5
T1621,T1621,Multi-Factor Authentication Request Generation (T1621),credential-access,Application Log: Application Log Content|Logon Session: Logon Session Metadata|User Account: User Account Authentication,3
T1622,T1622,Debugger Evasion (T1622),stealth|discovery,File: File Access|Process: OS API Execution|Process: Process Creation,3
T1647,T1647,Plist File Modification (T1647),defense-impairment,Command: Command Execution|File: File Modification|Process: Process Creation,3
T1648,T1648,Serverless Execution (T1648),execution,Application Log: Application Log Content|Cloud Service: Cloud Service Modification,2
T1649,T1649,Steal or Forge Authentication Certificates (T1649),credential-access,Active Directory: Active Directory Credential Request|Active Directory: Active Directory Object Modification|Application Log: Application Log Content|Command: Command Execution|File: File Access|Windows Registry: Windows Registry Key Access,6
T1650,T1650,Acquire Access (T1650),resource-development,,0
T1651,T1651,Cloud Administration Command (T1651),execution,Command: Command Execution|Process: Process Creation|Script: Script Execution,3
T1652,T1652,Device Driver Discovery (T1652),discovery,Command: Command Execution|File: File Access|Process: Process Creation|Windows Registry: Windows Registry Key Modification,4
T1653,T1653,Power Settings (T1653),persistence,Command: Command Execution|File: File Modification|Process: Process Creation,3
T1654,T1654,Log Enumeration (T1654),discovery,Command: Command Execution|File: File Access|Process: Process Creation,3
T1657,T1657,Financial Theft (T1657),impact,Application Log: Application Log Content|Command: Command Execution|File: File Modification|Logon Session: Logon Session Creation|Process: Process Creation,5
T1659,T1659,Content Injection (T1659),initial-access|command-and-control,Command: Command Execution|File: File Creation|Network Traffic: Network Traffic Content|Process: Process Creation,4
T1665,T1665,Hide Infrastructure (T1665),command-and-control,Domain Name: Domain Registration|Internet Scan: Response Content|Internet Scan: Response Metadata|Network Traffic: Network Connection Creation|Network Traffic: Network Traffic Content|Process: Process Creation,6
T1666,T1666,Modify Cloud Resource Hierarchy (T1666),defense-impairment,Cloud Service: Cloud Service Modification,1
T1667,T1667,Email Bombing (T1667),impact,Application Log: Application Log Content|File: File Creation,2
T1668,T1668,Exclusive Control (T1668),persistence,Command: Command Execution|Process: Process Creation|Process: Process Termination,3
T1669,T1669,Wi-Fi Networks (T1669),initial-access,Firewall: Firewall Rule Modification|Network Traffic: Network Connection Creation|Network Traffic: Network Traffic Content|Network Traffic: Network Traffic Flow|User Account: User Account Authentication,5
T1671,T1671,Cloud Application Integration (T1671),persistence,Active Directory: Active Directory Object Modification|Application Log: Application Log Content|Cloud Service: Cloud Service Modification,3
T1673,T1673,Virtual Machine Discovery (T1673),discovery,Command: Command Execution|Process: Process Creation,2
T1674,T1674,Input Injection (T1674),execution,Command: Command Execution|Drive: Drive Creation|Process: Process Creation|Script: Script Execution,4
T1675,T1675,ESXi Administration Command (T1675),execution,Application Log: Application Log Content,1
T1677,T1677,Poisoned Pipeline Execution (T1677),execution,Cloud Service: Cloud Service Metadata|Cloud Service: Cloud Service Modification|Cloud Storage: Cloud Storage Access|Command: Command Execution|File: File Metadata,5
T1678,T1678,Delay Execution (T1678),stealth,Module: Module Load|Process: Process Creation|Script: Script Execution,3
T1679,T1679,Selective Exclusion (T1679),stealth,Command: Command Execution|File: File Modification|Process: Process Creation,3
T1680,T1680,Local Storage Discovery (T1680),discovery,Command: Command Execution|Process: Process Creation|User Account: User Account Authentication,3
T1681,T1681,Search Threat Vendor Data (T1681),reconnaissance,,0
T1682,T1682,Query Public AI Services (T1682),reconnaissance,,0
T1683,T1683,Generate Content (T1683),resource-development,,0
T1683,T1683.001,Written Content (T1683.001),resource-development,,0
T1683,T1683.002,Audio-Visual Content (T1683.002),resource-development,,0
T1684,T1684,Social Engineering (T1684),stealth,Application Log: Application Log Content|Command: Command Execution|File: File Access|File: File Creation|File: File Modification|Logon Session: Logon Session Creation|Network Traffic: Network Connection Creation|Process: Process Creation|User Account: User Account Authentication,9
T1684,T1684.001,Impersonation (T1684.001),stealth,Application Log: Application Log Content|Command: Command Execution|Logon Session: Logon Session Creation,3
T1684,T1684.002,Email Spoofing (T1684.002),stealth,Application Log: Application Log Content,1
T1685,T1685,Disable or Modify Tools (T1685),defense-impairment,Cloud Service: Cloud Service Modification|Command: Command Execution|Process: Process Creation|Process: Process Termination|Sensor Health: Host Status|Service: Service Creation|Service: Service Metadata|Service: Service Modification|Windows Registry: Windows Registry Key Modification,9
T1685,T1685.001,Disable or Modify Windows Event Log (T1685.001),defense-impairment,Application Log: Application Log Content|Process: Process Creation|Service: Service Metadata|Windows Registry: Windows Registry Key Modification,4
T1685,T1685.002,Disable or Modify Cloud Log (T1685.002),defense-impairment,Cloud Service: Cloud Service Disable|Cloud Service: Cloud Service Modification|User Account: User Account Modification,3
T1685,T1685.003,Modify or Spoof Tool UI (T1685.003),defense-impairment,Process: Process Creation|Sensor Health: Host Status|Service: Service Creation,3
T1685,T1685.004,Disable or Modify Linux Audit System Log (T1685.004),defense-impairment,Command: Command Execution|File: File Modification|Process: Process Modification|Service: Service Metadata,4
T1685,T1685.005,Clear Windows Event Logs (T1685.005),defense-impairment,Application Log: Application Log Content|File: File Deletion|Process: Process Creation,3
T1685,T1685.006,Clear Linux or Mac System Logs (T1685.006),defense-impairment,File: File Deletion|File: File Modification|Process: Process Creation,3
T1686,T1686,Disable or Modify System Firewall (T1686),defense-impairment,Command: Command Execution|Firewall: Firewall Rule Modification|Process: Process Creation|Windows Registry: Windows Registry Key Modification,4
T1686,T1686.001,Cloud Firewall (T1686.001),defense-impairment,Firewall: Firewall Disable|Firewall: Firewall Rule Modification,2
T1686,T1686.002,Network Device Firewall (T1686.002),defense-impairment,Command: Command Execution|Firewall: Firewall Rule Modification|Logon Session: Logon Session Creation|Network Traffic: Network Connection Creation,4
T1686,T1686.003,Windows Host Firewall (T1686.003),defense-impairment,Network Traffic: Network Connection Creation|Process: Process Creation|Service: Service Creation|Windows Registry: Windows Registry Key Creation|Windows Registry: Windows Registry Key Modification,5
T1687,T1687,Exploitation for Defense Impairment (T1687),defense-impairment,Application Log: Application Log Content|Cloud Service: Cloud Service Disable|Command: Command Execution|Driver: Driver Load|Driver: Driver Metadata|Firewall: Firewall Rule Modification|Instance: Instance Modification|Network Traffic: Network Traffic Content|Process: Process Creation|Process: Process Metadata|Service: Service Metadata,11
T1688,T1688,Safe Mode Boot (T1688),defense-impairment,Process: Process Creation|Windows Registry: Windows Registry Key Creation|Windows Registry: Windows Registry Key Modification,3
T1689,T1689,Downgrade Attack (T1689),defense-impairment,Command: Command Execution|Process: Process Creation|Process: Process Metadata|Windows Registry: Windows Registry Key Modification,4
T1690,T1690,Prevent Command History Logging (T1690),defense-impairment,Command: Command Execution|Process: Process Creation,2
